<Container>
	<Patient>
		<Name>
			<FamilyName>BOURGEOIS</FamilyName>
			<GivenName>BARBARA</GivenName>
		</Name>
		<Gender>
			<Code>F</Code>
			<Description>F</Description>
		</Gender>
		<Races/>
		<BirthTime>1941-07-13T00:00:00</BirthTime>
		<BirthPlace/>
		<DeathTime>1900-01-01T00:00:00</DeathTime>
		<IsDead>false</IsDead>
		<PatientNumbers>
			<PatientNumber>
				<Number>642294</Number>
				<NumberType>MRN</NumberType>
				<Organization>
					<Code>HIXNY</Code>
					<Description>HIXNY</Description>
				</Organization>
			</PatientNumber>
		</PatientNumbers>
		<Addresses>
			<Address>
				<Street>25 LINDA LN</Street>
				<City>
					<Code>WATERFORD</Code>
					<Description>WATERFORD</Description>
				</City>
				<State>
					<Code>NY</Code>
					<Description>NY</Description>
				</State>
				<Zip>
					<Code>12188</Code>
					<Description>12188</Description>
				</Zip>
			</Address>
		</Addresses>
		<ContactInfo>
			<HomePhoneNumber>5182331153</HomePhoneNumber>
			<EmailAddress>VICTORG.BOURGEOIS@GMAIL.COM</EmailAddress>
		</ContactInfo>
		<ImmunizationRegistryStatusEffectiveDate>1900-01-01T00:00:00</ImmunizationRegistryStatusEffectiveDate>
	</Patient>
	<LabOrders>
		<LabOrder>
			<FillerId>10760423-201717:SP8178</FillerId>
			<OrderItem>
				<Code>PATH</Code>
				<Description>PATH</Description>
			</OrderItem>
			<OrderCategory>
				<Code>SP</Code>
				<Description>SP</Description>
			</OrderCategory>
			<OrderQuantity>-1</OrderQuantity>
			<OrderedBy>
				<Code>1053378729</Code>
				<Description>Corcoran, Vincent,</Description>
				<Name>
					<FamilyName>Corcoran</FamilyName>
					<GivenName>Vincent,</GivenName>
					<MiddleName>MD</MiddleName>
				</Name>
			</OrderedBy>
			<EnteringOrganization>
				<Code>NEH-SAM</Code>
				<Description>NEH-SAM</Description>
			</EnteringOrganization>
			<SpecimenCollectedTime>2017-08-14T16:08:00</SpecimenCollectedTime>
			<SpecimenReceivedTime>2017-08-15T09:29:00</SpecimenReceivedTime>
			<Status>E</Status>
			<Priority>
				<Code>4550678165</Code>
				<Description>4550678165</Description>
			</Priority>
			<Comments>Tissues:      A VULVA BIOPSY (VULVAR BIOPSY)
     Performing Sites:
ML - SAMARITAN HOSPITAL LABORATORY - 2215 Burdett Avenue  Troy, NY 12180</Comments>
			<EnteredAt>
				<Code>NEH</Code>
				<Description>NEH</Description>
			</EnteredAt>
			<EnteredOn>2017-08-14T16:08:00</EnteredOn>
			<FromTime>2017-08-14T16:08:00</FromTime>
			<Result>
				<ToTime>2017-08-14T16:08:00</ToTime>
				<ResultType>IM</ResultType>
				<ResultTime>2017-08-14T16:08:00</ResultTime>
				<ResultStatus>F</ResultStatus>
				<Comments>Tissues:      A VULVA BIOPSY (VULVAR BIOPSY)
     Performing Sites:
ML - SAMARITAN HOSPITAL LABORATORY - 2215 Burdett Avenue  Troy, NY 12180</Comments>
			</Result>
			<EncounterNumber>0045105531</EncounterNumber>
		</LabOrder>
		<LabOrder>
			<FillerId>12033997-201818:SP12189</FillerId>
			<OrderItem>
				<Code>PATH</Code>
				<Description>PATH</Description>
			</OrderItem>
			<OrderCategory>
				<Code>SP</Code>
				<Description>SP</Description>
			</OrderCategory>
			<OrderQuantity>-1</OrderQuantity>
			<OrderedBy>
				<Code>1093782559</Code>
				<Description>Gupta MD, Yogesh</Description>
				<Name>
					<FamilyName>Gupta MD</FamilyName>
					<GivenName>Yogesh</GivenName>
					<MiddleName>K</MiddleName>
				</Name>
			</OrderedBy>
			<EnteringOrganization>
				<Code>NEH-SAM</Code>
				<Description>NEH-SAM</Description>
			</EnteringOrganization>
			<SpecimenCollectedTime>2018-11-28T09:14:00</SpecimenCollectedTime>
			<SpecimenReceivedTime>2018-11-28T10:49:00</SpecimenReceivedTime>
			<Status>E</Status>
			<Priority>
				<Code>4552440791</Code>
				<Description>4552440791</Description>
			</Priority>
			<Comments>Tissues:      A STOMACH BIOPSY (TROY ONLY) (BIOPSY ANTRUM)
     Performing Sites:
ML - SAMARITAN HOSPITAL LABORATORY - 2215 Burdett Avenue  Troy, NY 12180</Comments>
			<EnteredAt>
				<Code>NEH</Code>
				<Description>NEH</Description>
			</EnteredAt>
			<EnteredOn>2018-11-28T09:14:00</EnteredOn>
			<FromTime>2018-11-28T09:14:00</FromTime>
			<Result>
				<ToTime>2018-11-28T09:14:00</ToTime>
				<ResultType>IM</ResultType>
				<ResultTime>2018-11-28T09:14:00</ResultTime>
				<ResultStatus>F</ResultStatus>
				<Comments>Tissues:      A STOMACH BIOPSY (TROY ONLY) (BIOPSY ANTRUM)
     Performing Sites:
ML - SAMARITAN HOSPITAL LABORATORY - 2215 Burdett Avenue  Troy, NY 12180</Comments>
			</Result>
			<EncounterNumber>0045568617</EncounterNumber>
		</LabOrder>
		<LabOrder>
			<PlacerId>201111:SP5271</PlacerId>
			<FillerId>201111:SP5271</FillerId>
			<OrderItem>
				<Code>PATH</Code>
				<Description>PATH L3</Description>
			</OrderItem>
			<OrderCategory>
				<Code>SP</Code>
				<Description>SP</Description>
			</OrderCategory>
			<OrderQuantity>-1</OrderQuantity>
			<OrderedBy>
				<Code>1255341152</Code>
				<Description>Hannan MD, Edward</Description>
				<Name>
					<FamilyName>Hannan MD</FamilyName>
					<GivenName>Edward</GivenName>
					<MiddleName>J</MiddleName>
				</Name>
			</OrderedBy>
			<EnteringOrganization>
				<Code>NEH-SAM</Code>
				<Description>NEH-SAM</Description>
			</EnteringOrganization>
			<SpecimenCollectedTime>2011-08-16T00:00:00</SpecimenCollectedTime>
			<SpecimenReceivedTime>2011-08-16T14:15:00</SpecimenReceivedTime>
			<Status>E</Status>
			<Priority>
				<Code>4544047928</Code>
				<Description>4544047928</Description>
			</Priority>
			<EnteredAt>
				<Code>NEH</Code>
				<Description>NEH</Description>
			</EnteredAt>
			<EnteredOn>2078-12-31T00:00:00</EnteredOn>
			<FromTime>2011-08-17T15:48:42</FromTime>
			<Result>
				<ToTime>2078-12-31T00:00:00</ToTime>
				<ResultType>IM</ResultType>
				<ResultTime>2078-12-31T00:00:00</ResultTime>
				<ResultStatus>F</ResultStatus>
			</Result>
			<EncounterNumber>0043151622</EncounterNumber>
		</LabOrder>
		<LabOrder>
			<FillerId>12201829-201919:CY799</FillerId>
			<OrderItem>
				<Code>NONGYN</Code>
				<Description>NON-GYN2</Description>
			</OrderItem>
			<OrderCategory>
				<Code>SP</Code>
				<Description>SP</Description>
			</OrderCategory>
			<OrderQuantity>-1</OrderQuantity>
			<OrderedBy>
				<Code>1710909551</Code>
				<Description>Hermans NP, Sandra</Description>
				<Name>
					<FamilyName>Hermans NP</FamilyName>
					<GivenName>Sandra</GivenName>
				</Name>
			</OrderedBy>
			<EnteringOrganization>
				<Code>NEH-SAM</Code>
				<Description>NEH-SAM</Description>
			</EnteringOrganization>
			<SpecimenCollectedTime>2019-01-29T09:37:00</SpecimenCollectedTime>
			<SpecimenReceivedTime>2019-01-30T08:59:00</SpecimenReceivedTime>
			<Status>E</Status>
			<Priority>
				<Code>4552674267</Code>
				<Description>4552674267</Description>
			</Priority>
			<Comments>RECEIVED IS 70 mL CLEAR PALE YELLOW FLUID
1 THINPREP
Tissues:      A URINE (URINE VOIDED)
     Performing Sites:
ML - SAMARITAN HOSPITAL LABORATORY - 2215 Burdett Avenue  Troy, NY 12180</Comments>
			<EnteredAt>
				<Code>NEH</Code>
				<Description>NEH</Description>
			</EnteredAt>
			<EnteredOn>2019-01-29T09:37:00</EnteredOn>
			<FromTime>2019-01-29T09:37:00</FromTime>
			<Result>
				<ToTime>2019-01-29T09:37:00</ToTime>
				<ResultType>IM</ResultType>
				<ResultTime>2019-01-29T09:37:00</ResultTime>
				<ResultStatus>F</ResultStatus>
				<Comments>RECEIVED IS 70 mL CLEAR PALE YELLOW FLUID
1 THINPREP
Tissues:      A URINE (URINE VOIDED)
     Performing Sites:
ML - SAMARITAN HOSPITAL LABORATORY - 2215 Burdett Avenue  Troy, NY 12180</Comments>
			</Result>
			<EncounterNumber>0045656856</EncounterNumber>
		</LabOrder>
	</LabOrders>
	<UpdateECRDemographics>true</UpdateECRDemographics>
	<SendingFacility>HIXNY</SendingFacility>
</Container>