<?xml version="1.0" encoding="UTF-8"?>
<Export generator="IRIS" version="26" zv="IRIS for Windows (x86-64) 2020.1 (Build 217_1_20418U)" ts="2021-02-09 11:23:09">
<Project name="EnsExportItem_2021-02-09 11-21-42_308-5" LastModified="2021-02-09 11:23:09.573226">
  <ProjectDescription>Studio Project generated starting from Production Configuration Item 'EGCLINPKG.EdgeGatewayProduction : MVP.EG.Facets.ClinicalLabResults.Service' at 2021-02-09 16:21:42.308 UTC</ProjectDescription>
  <Items>
    <ProjectItem name="MVP.EG.Facets.ClinicalLabResults.Archive.In" type="CLS"></ProjectItem>
    <ProjectItem name="MVP.EG.Facets.ClinicalLabResults.Archive.SQL.In" type="CLS"></ProjectItem>
    <ProjectItem name="MVP.EG.Facets.ClinicalLabResults.Archive.SQL.Query" type="CLS"></ProjectItem>
    <ProjectItem name="MVP.EG.Facets.ClinicalLabResults.Data.DataLoadGroups" type="CLS"></ProjectItem>
    <ProjectItem name="MVP.EG.Facets.ClinicalLabResults.Data.DataLoadMembers" type="CLS"></ProjectItem>
    <ProjectItem name="MVP.EG.Facets.ClinicalLabResults.Message.Request" type="CLS"></ProjectItem>
    <ProjectItem name="MVP.EG.Facets.ClinicalLabResults.Process" type="CLS"></ProjectItem>
    <ProjectItem name="MVP.EG.Facets.ClinicalLabResults.Service" type="CLS"></ProjectItem>
    <ProjectItem name="debugClinicalLabResults.MAC" type="MAC"></ProjectItem>
    <ProjectItem name="debugClinicalLabResultsService.MAC" type="MAC"></ProjectItem>
    <ProjectItem name="Settings:MVP.EG.Facets.ClinicalLabResults.Process.PTD" type="PTD"></ProjectItem>
    <ProjectItem name="Settings:MVP.EG.Facets.ClinicalLabResults.Service.PTD" type="PTD"></ProjectItem>
    <ProjectItem name="EnsExportNotes.EnsExportItem_2021-02-09 11-21-42_308-5.PTD" type="PTD"></ProjectItem>
  </Items>
</Project>


<Class name="MVP.EG.Facets.ClinicalLabResults.Archive.In">
<Super>Ens.BusinessService</Super>
<TimeChanged>65784,34579.498679</TimeChanged>
<TimeCreated>65743,41722.572396</TimeCreated>

<UDLText name="T">
<Content><![CDATA[
/*
Parameter ADAPTER = "EnsLib.SQL.InboundAdapter";

Method OnInit() As %Status
{
   #; initialize persistent last key value
   Do ..Adapter.InitializePersistentValue(..%ConfigName,,0)
   Quit $$$OK
}

Method OnProcessInput(
	pInput As EnsLib.SQL.Snapshot,
	Output pOutput As %RegisteredObject) As %Status
{
	set req=##class(MVP.EG.ClinicalLabResults.Message.Request).%New()

	set req.ID=$ZSTRIP(pInput.Get("ID"),"<>WC")
	set req.MemberID=$ZSTRIP(pInput.Get("MEMBER_ID"),"<>WC")
	set req.GroupID=$ZSTRIP(pInput.Get("GROUP_ID"),"<>WC")
	set req.MEMECk=$ZSTRIP(pInput.Get("MEME_CK"),"<>WC")
	set req.MedicaidID=$ZSTRIP(pInput.Get("MEDICAID_ID"),"<>WC")
	set req.RelationshipCode=$ZSTRIP(pInput.Get("RELATIONSHIP_CODE"),"<>WC")
	set req.MemberFirstName=$ZSTRIP(pInput.Get("MEMBER_FIRST_NAME"),"<>WC")
	set req.MemberMiddleName=$ZSTRIP(pInput.Get("MEMBER_MIDDLE_NAME"),"<>WC")
	set req.MemberLastName=$ZSTRIP(pInput.Get("MEMBER_LAST_NAME"),"<>WC")
	set req.MemberBirthDate=$ZSTRIP(pInput.Get("BIRTH_DATE"),"<>WC")
	set req.MemberAddress1=$ZSTRIP(pInput.Get("ADDRESS1"),"<>WC")
	set req.MemberAddress2=$ZSTRIP(pInput.Get("ADDRESS2"),"<>WC")
	set req.MemberCity=$ZSTRIP(pInput.Get("CITY"),"<>WC")
	set req.MemberState=$ZSTRIP(pInput.Get("STATE"),"<>WC")
	set req.MemberZip=$ZSTRIP(pInput.Get("ZIP"),"<>WC")
	set req.MemberPhone=$ZSTRIP(pInput.Get("PHONE"),"<>WC")
	set req.MemberSex=$ZSTRIP(pInput.Get("GENDER"),"<>WC")
	set req.MemberSSN=$ZSTRIP(pInput.Get("SSNUM"),"<>WC")
	/*
	set req.VendorTestResultID=$ZSTRIP(pInput.Get("VENDOR_TEST_RESULT_ID"),"<>WC")
	set req.LabTestResultID=$ZSTRIP(pInput.Get("LAB_TEST_RESULT_ID"),"<>WC")
	set req.ProductID=$ZSTRIP(pInput.Get("PRODUCT_ID"),"<>WC") 
	set req.VendorBillingID=$ZSTRIP(pInput.Get("VENDOR_BILLING_ID"),"<>WC")
	set req.PatientAccountNumber=$ZSTRIP(pInput.Get("PATIENT_ACCOUNT_NBR"),"<>WC")
	set req.SpecimenID=$ZSTRIP(pInput.Get("SPECIMEN_ID"),"<>WC")
	set req.AccessionNumber=$ZSTRIP(pInput.Get("ACCESSIONNUMBER"),"<>WC")
	set req.OrderNumber=$ZSTRIP(pInput.Get("ORDER_NUM"),"<>WC")
	set req.OrderName=$ZSTRIP(pInput.Get("ORDERNAME"),"<>WC")
	set req.PayerAccount=$ZSTRIP(pInput.Get("PAYER_ACCOUNT"),"<>WC")
	set req.PayerCode=$ZSTRIP(pInput.Get("PAYER_CODE"),"<>WC")
	set req.PayerName=$ZSTRIP(pInput.Get("PAYER_NAME"),"<>WC")
	set req.VendorLabCode=$ZSTRIP(pInput.Get("VENDOR_LAB_CODE"),"<>WC")
	set req.ReferringProviderGroupNbr=$ZSTRIP(pInput.Get("REFERRING_PROV_GROUP_NBR"),"<>WC")
	set req.ReferringProviderGroupName=$ZSTRIP(pInput.Get("REFERRING_PROV_GROUP_NAME"),"<>WC")
	set req.ReferringProviderUPIN=$ZSTRIP(pInput.Get("REFERRING_PROVIDER_UPIN"),"<>WC")
	set req.ReferringProviderNPI=$ZSTRIP(pInput.Get("REFERRING_PROVIDER_NPI"),"<>WC")
	set req.OrderingAccount=$ZSTRIP(pInput.Get("ORDERING_ACCOUNT"),"<>WC")
	set req.OrderingAccountName=$ZSTRIP(pInput.Get("ORDERINGACCOUNTNAME"),"<>WC")
	set req.ReferringProviderName=$ZSTRIP(pInput.Get("REFERRING_PROV_NAME"),"<>WC")
	set req.ReferringProviderAddress1=$ZSTRIP(pInput.Get("REFERRING_PROV_ADDR_1"),"<>WC")
	set req.ReferringProviderAddress2=$ZSTRIP(pInput.Get("REFERRING_PROV_ADDR_2"),"<>WC")
	set req.ReferringProviderCity=$ZSTRIP(pInput.Get("REFERRING_PROV_CITY"),"<>WC")
	set req.ReferringProviderState=$ZSTRIP(pInput.Get("REFERRING_PROV_STATE"),"<>WC")
	set req.ReferringProviderZip=$ZSTRIP(pInput.Get("REFERRING_PROV_ZIP_CODE"),"<>WC")
	set req.ReferringProviderPhone=$ZSTRIP(pInput.Get("REFERRING_PROV_PHONE_NBR"),"<>WC")
	set req.Specialty=$ZSTRIP(pInput.Get("SPECIALTY"),"<>WC")
	set req.PrincipalDiagnosisCode=$ZSTRIP(pInput.Get("PRINCIPAL_DIAG_CODE"),"<>WC")
	set req.SecondaryDiagnosisCode01=$ZSTRIP(pInput.Get("SECONDARY_DIAG_01_CODE"),"<>WC")
	set req.SecondaryDiagnosisCode02=$ZSTRIP(pInput.Get("SECONDARY_DIAG_02_CODE"),"<>WC")
	set req.SecondaryDiagnosisCode03=$ZSTRIP(pInput.Get("SECONDARY_DIAG_03_CODE"),"<>WC")
	set req.SecondaryDiagnosisCode04=$ZSTRIP(pInput.Get("SECONDARY_DIAG_04_CODE"),"<>WC")
	set req.ProcedureCode=$ZSTRIP(pInput.Get("PROCEDURE_CODE"),"<>WC")
	set req.LoincCode=$ZSTRIP(pInput.Get("LOINC_CODE"),"<>WC")
	set req.DateOfService=$ZSTRIP(pInput.Get("DATE_OF_SERVICE"),"<>WC")
	set req.LabTestPanelCode=$ZSTRIP(pInput.Get("LAB_TEST_PANEL_CODE"),"<>WC")
	set req.LabTestPanelName=$ZSTRIP(pInput.Get("LAB_TEST_PANEL_NAME"),"<>WC")
	set req.LabTestCode=$ZSTRIP(pInput.Get("LAB_TEST_CODE"),"<>WC")
	set req.ResultName=$ZSTRIP(pInput.Get("RESULT_NAME"),"<>WC")
	set req.LabTestDesc=$ZSTRIP(pInput.Get("LAB_TEST_DESC"),"<>WC")
	set req.LocalResultCode=$ZSTRIP(pInput.Get("LOCAL_RESULT_CODE"),"<>WC")
	set req.LabTestResultValue=$ZSTRIP(pInput.Get("LAB_TEST_RESULT_VALUE"),"<>WC")
	set req.LabTestResultTextValue=$ZSTRIP(pInput.Get("LAB_TEST_RESULT_TEXT_VALUE"),"<>WC")
	set req.LabTestResultValueUOM=$ZSTRIP(pInput.Get("LAB_TEST_RESULT_VALUE_UOM"),"<>WC")
	set req.RefRangeLowValue=$ZSTRIP(pInput.Get("REF_RANGE_LOW_VALUE"),"<>WC")
	set req.RefRangeHighValue=$ZSTRIP(pInput.Get("REF_RANGE_HIGH_VALUE"),"<>WC")
	set req.RefRangeDescription=$ZSTRIP(pInput.Get("REF_RANGE_DESC"),"<>WC")
	set req.AbnormalLabTestResultCode=$ZSTRIP(pInput.Get("ABNORMAL_LAB_TEST_RESULT_CODE"),"<>WC")
	set req.LabTestResultCommentText=$ZSTRIP(pInput.Get("LAB_TEST_RESULT_COMMENT_TEXT"),"<>WC")
	set req.LabTestResultValue2=$ZSTRIP(pInput.Get("LAB_TEST_RESULT_2_VALUE"),"<>WC")
	set req.LabTestResultValue2UOM=$ZSTRIP(pInput.Get("LAB_TEST_RESULT_2_VALUE_UOM"),"<>WC")
	set req.LabDataSourceCode=$ZSTRIP(pInput.Get("LAB_DATA_SOURCE_CODE"),"<>WC")
	set req.Source=$ZSTRIP(pInput.Get("SOURCE"),"<>WC")
	set req.AccountNumber=$ZSTRIP(pInput.Get("ACCTNUM"),"<>WC")
	set req.AccountName=$ZSTRIP(pInput.Get("ACCTNAME"),"<>WC")
	set req.RevInd=$ZSTRIP(pInput.Get("REV_IND"),"<>WC")
	set req.StgRecStatus=$ZSTRIP(pInput.Get("STG_REC_STATUS"),"<>WC")
	set req.StgRecLoadDate=$ZSTRIP(pInput.Get("STG_REC_LOADDATE"),"<>WC")
	
	set tSC=..SendRequestAsync("MVP.Facets.ClinicalLabResults.Router",req,.pOutput)
	Quit tSC
}
*/
]]></Content>
</UDLText>
</Class>


<Class name="MVP.EG.Facets.ClinicalLabResults.Archive.SQL.In">
<Super>Ens.BusinessService</Super>
<TimeChanged>65784,34878.85492</TimeChanged>
<TimeCreated>65751,45488.80749</TimeCreated>

<UDLText name="T">
<Content><![CDATA[
/*
Parameter ADAPTER = "EnsLib.SQL.InboundAdapter";

Parameter REQUESTCLASSES As %String = "EnsLib.SQL.Snapshot";

Property InitDSN As %String;

Property RecordCount As %Integer;

Parameter SETTINGS = "RecordCount:Data";

Method OnTask() As %Status
{
	$$$LOGINFO("Facets.ClinicalLabResults.SQL.In - OnTask() Start")
	
	#dim tSC as %Status=$$$OK
	try
	{	
		set tSC = ..ProcessInput()
	}
	catch ex {
		set tSC = ex.AsStatus()
	}
	Quit tSC
}

Method OnInit() As %Status
{
   #; initialize persistent last key value
   Do ..Adapter.InitializePersistentValue(..%ConfigName,,0)
   set ..InitDSN = ..Adapter.DSN
   Quit $$$OK
}


Method ProcessInput() As %Status
{
	$$$LOGINFO("Facets.ClinicalLabResults.SQL.In - ProcessInput() Start")
	#dim sc as %Status
	set tSC = $$$OK
	try 
	{
		#; Create Global using $Piece to parse classname
		set GlobalName = "^"_$P($CLASSNAME(),".",1)_"."_$P($CLASSNAME(),".",3)_"."_$P($CLASSNAME(),".",4)_"(""LoadDate"")"
		$$$LOGINFO("GlobalName - "_GlobalName)

		#; GlobalName variable doesn't exist which indicates this is the first time the load process has run
		if $GET(@GlobalName) = "" 
		{
			set LastLoadDate = "1900-01-01 00:00:00"
		} 
		else 
		{
			set LastLoadDate = @GlobalName
		}
		
		#dim resultset As %SQL.StatementResult
		
		Set statement=##class(%SQL.Statement).%New()
		Set status=statement.%PrepareClassQuery("MVP.EG.Facets.ClinicalLabResults.SQL.Query","ByLoadDate")
		
		If $$$ISERR(status)
		{ 
			Do $system.OBJ.DisplayError(status)
		}
		set resultset=statement.%Execute(LastLoadDate)
				
		Set count = 0
		while (resultset.%Next(.sc)) 
		{	    		
			if resultset.%Get("STGRECLOADDATE") >= LastLoadDate 
			{
				if (resultset.%GetData(1) = 0) 
				{
			    	$$$LOGINFO($CLASSNAME()_" - Facets.ClinicalLabResults.SQL.In - No SQL DATA Records Found.") 
			    	Quit           
				} 
				else 
				{
					// Create Class Message Instancee and Populate with data
		   			set request=##class(MVP.EG.ClinicalLabResults.Message.Request).%New()
		   			set request.MEMBERID=$ZSTRIP(resultset.%Get("MEMBERID"),"<>W")
					set request.MEMECK=$ZSTRIP(resultset.%Get("MEMECK"),"<>W")
					set request.FACILITY=$ZSTRIP(resultset.%Get("FACILITY"),"<>W")
					set request.ASSIGNINGAUTHORITY=$ZSTRIP(resultset.%Get("ASSIGNINGAUTHORITY"),"<>W")
					set request.LABTESTRESULTID=$ZSTRIP(resultset.%Get("LABTESTRESULTID"),"<>W")
					set request.VENDORTESTRESULTID=$ZSTRIP(resultset.%Get("VENDORTESTRESULTID"),"<>W")
					set request.PRODUCTID=$ZSTRIP(resultset.%Get("PRODUCTID"),"<>W")
					set request.VENDORBILLINGID=$ZSTRIP(resultset.%Get("VENDORBILLINGID"),"<>W")
					set request.PATIENTACCOUNTNBR=$ZSTRIP(resultset.%Get("PATIENTACCOUNTNBR"),"<>W")
					set request.SPECIMENID=$ZSTRIP(resultset.%Get("SPECIMENID"),"<>W")
					set request.ACCESSIONNUMBER=$ZSTRIP(resultset.%Get("ACCESSIONNUMBER"),"<>W")
					set request.ORDERNUM=$ZSTRIP(resultset.%Get("ORDERNUM"),"<>W")
					set request.ORDERNAME=$ZSTRIP(resultset.%Get("ORDERNAME"),"<>W")
					set request.PAYERACCOUNT=$ZSTRIP(resultset.%Get("PAYERACCOUNT"),"<>W")
					set request.PAYERCODE=$ZSTRIP(resultset.%Get("PAYERCODE"),"<>W")
					set request.PAYERNAME=$ZSTRIP(resultset.%Get("PAYERNAME"),"<>W")			 		
					set request.VENDORLABCODE=$ZSTRIP(resultset.VENDORLABCODE,"<>W")			 		
					set request.REFERRINGPROVGROUPNBR=$ZSTRIP(resultset.REFERRINGPROVGROUPNBR,"<>W")			
					set request.REFERRINGPROVGROUPNAME=$ZSTRIP(resultset.%Get("REFERRINGPROVGROUPNAME"),"<>W")			 		
					set request.REFERRINGPROVIDERUPIN=$ZSTRIP(resultset.%Get("REFERRINGPROVIDERUPIN"),"<>W")			 		
					set request.REFERRINGPROVIDERNPI=$ZSTRIP(resultset.%Get("REFERRINGPROVIDERNPI"),"<>W")			 		
					set request.ORDERINGACCOUNT=$ZSTRIP(resultset.%Get("ORDERINGACCOUNT"),"<>W")			 		
					set request.ORDERINGACCOUNTNAME=$ZSTRIP(resultset.%Get("ORDERINGACCOUNTNAME"),"<>W")			 		
					set request.REFERRINGPROVNAME=$ZSTRIP(resultset.%Get("REFERRINGPROVNAME"),"<>W")			 		
					set request.REFERRINGPROVADDR1=$ZSTRIP(resultset.%Get("REFERRINGPROVADDR1"),"<>W")			 		
					set request.REFERRINGPROVADDR2=$ZSTRIP(resultset.%Get("REFERRINGPROVADDR2"),"<>W")			 		
					set request.REFERRINGPROVCITY=$ZSTRIP(resultset.%Get("REFERRINGPROVCITY"),"<>W")			 		
					set request.REFERRINGPROVSTATE=$ZSTRIP(resultset.%Get("REFERRINGPROVSTATE"),"<>W")			 		
					set request.REFERRINGPROVZIPCODE=$ZSTRIP(resultset.%Get("REFERRINGPROVZIPCODE"),"<>W")			 		
					set request.REFERRINGPROVPHONENBR=$ZSTRIP(resultset.%Get("REFERRINGPROVPHONENBR"),"<>W")			 		
					set request.PRINCIPALDIAGCODE=$ZSTRIP(resultset.%Get("PRINCIPALDIAGCODE"),"<>W")			 		
					set request.SECONDARYDIAG01CODE=$ZSTRIP(resultset.%Get("SECONDARYDIAG01CODE"),"<>W")			 		
					set request.SECONDARYDIAG02CODE=$ZSTRIP(resultset.%Get("SECONDARYDIAG02CODE"),"<>W")			 		
					set request.SECONDARYDIAG03CODE=$ZSTRIP(resultset.%Get("SECONDARYDIAG03CODE"),"<>W")			 		
					set request.SECONDARYDIAG04CODE=$ZSTRIP(resultset.%Get("SECONDARYDIAG04CODE"),"<>W")			 		
					set request.PROCEDURECODE=$ZSTRIP(resultset.%Get("PROCEDURECODE"),"<>W")			 		
					set request.LOINCCODE=$ZSTRIP(resultset.%Get("LOINCCODE"),"<>W")			 		
					set request.DATEOFSERVICE=$ZSTRIP(resultset.%Get("DATEOFSERVICE"),"<>W")			 		
					set request.LABTESTPANELCODE=$ZSTRIP(resultset.%Get("LABTESTPANELCODE"),"<>W")			 		
					set request.LABTESTPANELNAME=$ZSTRIP(resultset.%Get("LABTESTPANELNAME"),"<>W")			 		
					set request.LABTESTCODE=$ZSTRIP(resultset.%Get("LABTESTCODE"),"<>W")			 		
					set request.RESULTNAME=$ZSTRIP(resultset.%Get("RESULTNAME"),"<>W")			 		
					set request.LABTESTDESC=$ZSTRIP(resultset.%Get("LABTESTDESC"),"<>W")			 		
					set request.LOCALRESULTCODE=$ZSTRIP(resultset.%Get("LOCALRESULTCODE"),"<>W")			 		
					set request.LABTESTRESULTVALUE=$ZSTRIP(resultset.%Get("LABTESTRESULTVALUE"),"<>W")			 		
					set request.LABTESTRESULTTEXTVALUE=$ZSTRIP(resultset.%Get("LABTESTRESULTTEXTVALUE"),"<>W")			 		
					set request.LABTESTRESULTVALUEUOM=$ZSTRIP(resultset.%Get("LABTESTRESULTVALUEUOM"),"<>W")			 		
					set request.LABTESTRESULTVALUEUOM=$ZSTRIP(resultset.%Get("LABTESTRESULTVALUEUOM"),"<>W")			 		
					set request.REFRANGELOWVALUE=$ZSTRIP(resultset.%Get("REFRANGELOWVALUE"),"<>W")			 		
					set request.REFRANGEHIGHVALUE=$ZSTRIP(resultset.%Get("REFRANGEHIGHVALUE"),"<>W")			 		
					set request.ABNORMALLABTESTRESULTCODE=$ZSTRIP(resultset.%Get("LABTESTRESULTCOMMENTTEXT"),"<>W")			 		
					set request.LABTESTRESULT2VALUE=$ZSTRIP(resultset.%Get("LABTESTRESULT2VALUEUOM"),"<>W")			 		
					set request.LABDATASOURCECODE=$ZSTRIP(resultset.%Get("LABDATASOURCECODE"),"<>W")			 		
					set request.SOURCE=$ZSTRIP(resultset.%Get("SOURCE"),"<>W")			 		
					set request.ACCTNUM=$ZSTRIP(resultset.%Get("ACCTNUM"),"<>W")			 		
					set request.ACCTNAME=$ZSTRIP(resultset.%Get("ACCTNAME"),"<>W")			 		
					set request.REVIND=$ZSTRIP(resultset.%Get("REVIND"),"<>W")			 		
					set request.STGRECSTATUS=$ZSTRIP(resultset.%Get("STGRECSTATUS"),"<>W")			 		
 					set request.STGRECLOADDATE=$ZSTRIP(resultset.%Get("STGRECLOADDATE"),"<>W")			 		
 
					// Send LAB TEST RESULT RECORD TO Business Process Message Router
			 		set tSC=..SendRequestAsync("MVP.Facets.ClinicalLabResults.Router",request,.pOutput)
			 		set ..%SessionId = ""
    				set tCount = $I(tCount)
			 		
				} // END IF - Validate Records Found
				
    		} // END IF - Validate LastLoadDate
    		
		} // END WHILE LOOP
		
		$$$LOGINFO($CLASSNAME()_" - LAB TEST RESULTS Sent "_tCount_" records.")
		
		;# we were successful - update last load date global to now
		set @GlobalName = $ZDT($H,3)
		
		$$$LOGINFO($CLASSNAME()_" - Global Updated To: "_GlobalName)
	} 
	catch ex 
	{
		set tSC = ex.AsStatus()
	}
	return tSC
}
*/
]]></Content>
</UDLText>
</Class>


<Class name="MVP.EG.Facets.ClinicalLabResults.Archive.SQL.Query">
<Super>%Persistent</Super>
<TimeChanged>65784,34587.843165</TimeChanged>
<TimeCreated>65763,60467.317359</TimeCreated>

<UDLText name="T">
<Content><![CDATA[
/*
Property MEMECK As %String;

Property MEMBERID As %String;

Property FACILITY As %String;

Property ASSIGNINGAUTHORITY As %String;

Property LABTESTRESULTID As %String;

Property VENDORTESTRESULTID As %String;

Property PRODUCTID As %String;

Property VENDORBILLINGID As %String;

Property PATIENTACCOUNTNBR As %String;

Property SPECIMENID As %String;

Property ACCESSIONNUMBER As %String;

Property ORDERNUM As %String;

Property ORDERNAME As %String;

Property PAYERACCOUNT As %String;

Property PAYERCODE As %String;

Property PAYERNAME As %String;

Property VENDORLABCODE As %String;

Property REFERRINGPROVGROUPNBR As %String;

Property REFERRINGPROVGROUPNAME As %String;

Property REFERRINGPROVIDERUPIN As %String;

Property REFERRINGPROVIDERNPI As %String;

Property ORDERINGACCOUNT As %String;

Property ORDERINGACCOUNTNAME As %String;

Property REFERRINGPROVNAME As %String;

Property REFERRINGPROVADDR1 As %String;

Property REFERRINGPROVADDR2 As %String;

Property REFERRINGPROVCITY As %String;

Property REFERRINGPROVSTATE As %String;

Property REFERRINGPROVZIPCODE As %String;

Property REFERRINGPROVPHONENBR As %String;

Property SPECIALTY As %String;

Property PRINCIPALDIAGCODE As %String;

Property SECONDARYDIAG01CODE As %String;

Property SECONDARYDIAG02CODE As %String;

Property SECONDARYDIAG03CODE As %String;

Property SECONDARYDIAG04CODE As %String;

Property PROCEDURECODE As %String;

Property LOINCCODE As %String;

Property DATEOFSERVICE As %String;

Property LABTESTPANELCODE As %String;

Property LABTESTPANELNAME As %String;

Property LABTESTCODE As %String;

Property RESULTNAME As %String;

Property LABTESTDESC As %String;

Property LOCALRESULTCODE As %String;

Property LABTESTRESULTVALUE As %String;

Property LABTESTRESULTTEXTVALUE As %String;

Property LABTESTRESULTVALUEUOM As %String;

Property REFRANGELOWVALUE As %String;

Property REFRANGEHIGHVALUE As %String;

Property REFRANGEDESC As %String;

Property ABNORMALLABTESTRESULTCODE As %String;

Property LABTESTRESULTCOMMENTTEXT As %String;

Property LABTESTRESULT2VALUE As %String;

Property LABTESTRESULT2VALUEUOM As %String;

Property LABDATASOURCECODE As %String;

Property SOURCE As %String;

Property ACCTNUM As %String;

Property ACCTNAME As %String;

Property REVIND As %String;

Property STGRECSTATUS As %String;

Property STGRECLOADDATE As %String;


Query ByMemeCKandLabPanelCode(
	memeck As %String = "",
	labtestpanelcode As %String) As %SQLQuery(COMPILEMODE = "IMMEDIATE", CONTAINID = 1, ROWSPEC = "MEMECK:%String,LABTESTRESULTID:%String,VENDORTESTRESULTID:%String,PRODUCTID:%String,VENDORBILLINGID:%String,PATIENTACCOUNTNBR:%String,SPECIMENID:%String,ACCESSIONNUMBER:%String,ORDERNUM:%String,ORDERNAME:%String,PAYERACCOUNT:%String,PAYERCODE:%String,PAYERNAME:%String,VENDORLABCODE:%String,REFERRINGPROVGROUPNBR:%String,REFERRINGPROVGROUPNAME:%String,REFERRINGPROVIDERUPIN:%String,REFERRINGPROVIDERNPI:%String,ORDERINGACCOUNT:%String,ORDERINGACCOUNTNAME:%String,REFERRINGPROVNAME:%String,REFERRINGPROVADDR1:%String,REFERRINGPROVADDR2:%String,REFERRINGPROVCITY:%String,REFERRINGPROVSTATE:%String,REFERRINGPROVZIPCODE:%String,REFERRINGPROVPHONENBR:%String,SPECIALTY:%String,PRINCIPALDIAGCODE:%String,SECONDARYDIAG01CODE:%String,SECONDARYDIAG02CODE:%String,SECONDARYDIAG03CODE:%String,SECONDARYDIAG04CODE:%String,PROCEDURECODE:%String,LOINCCODE:%String,DATEOFSERVICE:%String,LABTESTPANELCODE:%String,LABTESTPANELNAME:%String,LABTESTCODE:%String,RESULTNAME:%String,LABTESTDESC:%String,LOCALRESULTCODE:%String,LABTESTRESULTVALUE:%String,LABTESTRESULTTEXTVALUE:%String,LABTESTRESULTVALUEUOM:%String,REFRANGELOWVALUE:%String,REFRANGEHIGHVALUE:%String,REFRANGEDESC:%String,ABNORMALLABTESTRESULTCODE:%String,LABTESTRESULTCOMMENTTEXT:%String,LABTESTRESULT2VALUE:%String,LABTESTRESULT2VALUEUOM:%String,LABDATASOURCECODE:%String,SOURCE:%String,ACCTNUM:%String,ACCTNAME:%String,REVIND:%String,STGRECSTATUS:%String,STGRECLOADDATE:%String", SELECTMODE = "RUNTIME") [ SqlName = SP_LabTestResults_By_SrvDate_TestPanelCode, SqlProc ]
{
SELECT MEME_CK AS MEMECK, LAB_TEST_RESULT_ID AS LABTESTRESULTID, VENDOR_TEST_RESULT_ID AS VENDORTESTRESULTID, 
	PRODUCT_ID AS PRODUCTID, VENDOR_BILLING_ID AS VENDORBILLINGID, PATIENT_ACCOUNT_NBR AS PATIENTACCOUNTNBR, 
	SPECIMEN_ID AS SPECIMENID, ACCESSIONNUMBER, ORDER_NUM AS ORDERNUM, ORDERNAME, PAYER_ACCOUNT AS PAYERACCOUNT, 
	PAYER_CODE AS PAYERCODE, PAYER_NAME AS PAYERNAME, VENDOR_LAB_CODE AS VENDORLABCODE, 
	REFERRING_PROV_GROUP_NBR AS REFERRINGPROVGROUPNBR, REFERRING_PROV_GROUP_NAME AS REFERRINGPROVGROUPNAME, 
	REFERRING_PROVIDER_UPIN AS REFERRINGPROVIDERUPIN, REFERRING_PROVIDER_NPI AS REFERRINGPROVIDERNPI, 
	ORDERING_ACCOUNT AS ORDERINGACCOUNT, ORDERINGACCOUNTNAME, REFERRING_PROV_NAME AS REFERRINGPROVNAME, 
	REFERRING_PROV_ADDR_1 AS REFERRINGPROVADDR1, REFERRING_PROV_ADDR_2 AS REFERRINGPROVADDR2, 
	REFERRING_PROV_CITY AS REFERRINGPROVCITY, REFERRING_PROV_STATE AS REFERRINGPROVSTATE, 
	REFERRING_PROV_ZIP_CODE AS REFERRINGPROVZIPCODE, REFERRING_PROV_PHONE_NBR AS REFERRINGPROVPHONENBR, SPECIALTY, 
	PRINCIPAL_DIAG_CODE AS PRINCIPALDIAGCODE, SECONDARY_DIAG_01_CODE AS SECONDARYDIAG01CODE, 
	SECONDARY_DIAG_02_CODE AS SECONDARYDIAG02CODE, SECONDARY_DIAG_03_CODE AS SECONDARYDIAG03CODE, 
	SECONDARY_DIAG_04_CODE AS SECONDARYDIAG04CODE, PROCEDURE_CODE AS PROCEDURECODE, LOINC_CODE AS LOINCCODE, 
	DATE_OF_SERVICE AS DATEOFSERVICE, LAB_TEST_PANEL_CODE AS LABTESTPANELCODE, LAB_TEST_PANEL_NAME AS LABTESTPANELNAME, 
	LAB_TEST_CODE AS LABTESTCODE, RESULT_NAME AS RESULTNAME, LAB_TEST_DESC AS LABTESTDESC, LOCAL_RESULT_CODE AS LOCALRESULTCODE, 
	LAB_TEST_RESULT_VALUE AS LABTESTRESULTVALUE, LAB_TEST_RESULT_TEXT_VALUE AS LABTESTRESULTTEXTVALUE, 
	LAB_TEST_RESULT_VALUE_UOM AS LABTESTRESULTVALUEUOM, REF_RANGE_LOW_VALUE AS REFRANGELOWVALUE, 
	REF_RANGE_HIGH_VALUE AS REFRANGEHIGHVALUE, REF_RANGE_DESC AS REFRANGEDESC, 
	ABNORMAL_LAB_TEST_RESULT_CODE AS ABNORMALLABTESTRESULTCODE, LAB_TEST_RESULT_COMMENT_TEXT AS LABTESTRESULTCOMMENTTEXT, 
	LAB_TEST_RESULT_2_VALUE AS LABTESTRESULT2VALUE, LAB_TEST_RESULT_2_VALUE_UOM AS LABTESTRESULT2VALUEUOM, 
	LAB_DATA_SOURCE_CODE AS LABDATASOURCECODE, SOURCE, ACCTNUM, ACCTNAME, REV_IND AS REVIND, 
	STG_REC_STATUS AS STGRECSTATUS, STG_REC_LOADDATE AS STGRECLOADDATE
	FROM ishs.UST_MVP_HEALTHSHARE_CLINICAL_LAB_RESULTS
	WHERE MEME_CK is not null AND MEME_CK = :memeck AND LAB_TEST_PANEL_CODE = :labtestpanelcode
}


Query ByLoadDate(loaddate As %String = "1900-01-01 00:00:00") As %SQLQuery(COMPILEMODE = "IMMEDIATE", CONTAINID = 1, ROWSPEC = "MEMECK:%String,MEMBERID:%String,FACILITY:%String,ASSIGNINGAUTHORITY:%String,LABTESTRESULTID:%String,VENDORTESTRESULTID:%String,PRODUCTID:%String,VENDORBILLINGID:%String,PATIENTACCOUNTNBR:%String,SPECIMENID:%String,ACCESSIONNUMBER:%String,ORDERNUM:%String,ORDERNAME:%String,PAYERACCOUNT:%String,PAYERCODE:%String,PAYERNAME:%String,VENDORLABCODE:%String,REFERRINGPROVGROUPNBR:%String,REFERRINGPROVGROUPNAME:%String,REFERRINGPROVIDERUPIN:%String,REFERRINGPROVIDERNPI:%String,ORDERINGACCOUNT:%String,ORDERINGACCOUNTNAME:%String,REFERRINGPROVNAME:%String,REFERRINGPROVADDR1:%String,REFERRINGPROVADDR2:%String,REFERRINGPROVCITY:%String,REFERRINGPROVSTATE:%String,REFERRINGPROVZIPCODE:%String,REFERRINGPROVPHONENBR:%String,SPECIALTY:%String,PRINCIPALDIAGCODE:%String,SECONDARYDIAG01CODE:%String,SECONDARYDIAG02CODE:%String,SECONDARYDIAG03CODE:%String,SECONDARYDIAG04CODE:%String,PROCEDURECODE:%String,LOINCCODE:%String,DATEOFSERVICE:%String,LABTESTPANELCODE:%String,LABTESTPANELNAME:%String,LABTESTCODE:%String,RESULTNAME:%String,LABTESTDESC:%String,LOCALRESULTCODE:%String,LABTESTRESULTVALUE:%String,LABTESTRESULTTEXTVALUE:%String,LABTESTRESULTVALUEUOM:%String,REFRANGELOWVALUE:%String,REFRANGEHIGHVALUE:%String,REFRANGEDESC:%String,ABNORMALLABTESTRESULTCODE:%String,LABTESTRESULTCOMMENTTEXT:%String,LABTESTRESULT2VALUE:%String,LABTESTRESULT2VALUEUOM:%String,LABDATASOURCECODE:%String,SOURCE:%String,ACCTNUM:%String,ACCTNAME:%String,REVIND:%String,STGRECSTATUS:%String,STGRECLOADDATE:%String", SELECTMODE = "RUNTIME") [ SqlProc ]
{
SELECT TOP(25) M.MEME_CK AS MEMECK, M.MEMBER_ID AS MEMBERID, 'MVP' AS FACILITY,'MVP' AS ASSIGNINGAUTHORITY, 
	L.LAB_TEST_RESULT_ID AS LABTESTRESULTID, L.VENDOR_TEST_RESULT_ID AS VENDORTESTRESULTID, 
	L.PRODUCT_ID AS PRODUCTID, L.VENDOR_BILLING_ID AS VENDORBILLINGID, L.PATIENT_ACCOUNT_NBR AS PATIENTACCOUNTNBR, 
	L.SPECIMEN_ID AS SPECIMENID, L.ACCESSIONNUMBER, L.ORDER_NUM AS ORDERNUM, L.ORDERNAME, L.PAYER_ACCOUNT AS PAYERACCOUNT, 
	L.PAYER_CODE AS PAYERCODE, L.PAYER_NAME AS PAYERNAME, L.VENDOR_LAB_CODE AS VENDORLABCODE, 
	L.REFERRING_PROV_GROUP_NBR AS REFERRINGPROVGROUPNBR, L.REFERRING_PROV_GROUP_NAME AS REFERRINGPROVGROUPNAME, 
	L.REFERRING_PROVIDER_UPIN AS REFERRINGPROVIDERUPIN, L.REFERRING_PROVIDER_NPI AS REFERRINGPROVIDERNPI, 
	L.ORDERING_ACCOUNT AS ORDERINGACCOUNT, L.ORDERINGACCOUNTNAME, L.REFERRING_PROV_NAME AS REFERRINGPROVNAME, 
	L.REFERRING_PROV_ADDR_1 AS REFERRINGPROVADDR1, L.REFERRING_PROV_ADDR_2 AS REFERRINGPROVADDR2, 
	L.REFERRING_PROV_CITY AS REFERRINGPROVCITY, L.REFERRING_PROV_STATE AS REFERRINGPROVSTATE, 
	L.REFERRING_PROV_ZIP_CODE AS REFERRINGPROVZIPCODE, L.REFERRING_PROV_PHONE_NBR AS REFERRINGPROVPHONENBR, L.SPECIALTY, 
	L.PRINCIPAL_DIAG_CODE AS PRINCIPALDIAGCODE, L.SECONDARY_DIAG_01_CODE AS SECONDARYDIAG01CODE, 
	L.SECONDARY_DIAG_02_CODE AS SECONDARYDIAG02CODE, L.SECONDARY_DIAG_03_CODE AS SECONDARYDIAG03CODE, 
	L.SECONDARY_DIAG_04_CODE AS SECONDARYDIAG04CODE, L.PROCEDURE_CODE AS PROCEDURECODE, L.LOINC_CODE AS LOINCCODE, 
	L.DATE_OF_SERVICE AS DATEOFSERVICE, L.LAB_TEST_PANEL_CODE AS LABTESTPANELCODE, L.LAB_TEST_PANEL_NAME AS LABTESTPANELNAME, 
	L.LAB_TEST_CODE AS LABTESTCODE, L.RESULT_NAME AS RESULTNAME, L.LAB_TEST_DESC AS LABTESTDESC, L.LOCAL_RESULT_CODE AS LOCALRESULTCODE, 
	L.LAB_TEST_RESULT_VALUE AS LABTESTRESULTVALUE, L.LAB_TEST_RESULT_TEXT_VALUE AS LABTESTRESULTTEXTVALUE, 
	L.LAB_TEST_RESULT_VALUE_UOM AS LABTESTRESULTVALUEUOM, L.REF_RANGE_LOW_VALUE AS REFRANGELOWVALUE, 
	L.REF_RANGE_HIGH_VALUE AS REFRANGEHIGHVALUE, L.REF_RANGE_DESC AS REFRANGEDESC, 
	L.ABNORMAL_LAB_TEST_RESULT_CODE AS ABNORMALLABTESTRESULTCODE, L.LAB_TEST_RESULT_COMMENT_TEXT AS LABTESTRESULTCOMMENTTEXT, 
	L.LAB_TEST_RESULT_2_VALUE AS LABTESTRESULT2VALUE, L.LAB_TEST_RESULT_2_VALUE_UOM AS LABTESTRESULT2VALUEUOM, 
	L.LAB_DATA_SOURCE_CODE AS LABDATASOURCECODE, L.SOURCE, L.ACCTNUM, L.ACCTNAME, L.REV_IND AS REVIND, 
	L.STG_REC_STATUS AS STGRECSTATUS, L.STG_REC_LOADDATE AS STGRECLOADDATE
FROM ishs.UST_MVP_HEALTHSHARE_MEMBER M
INNER JOIN 
(
	SELECT MEME_CK, LAB_TEST_RESULT_ID, VENDOR_TEST_RESULT_ID, PRODUCT_ID, VENDOR_BILLING_ID, PATIENT_ACCOUNT_NBR, 
	  SPECIMEN_ID, ACCESSIONNUMBER, ORDER_NUM, ORDERNAME, PAYER_ACCOUNT, PAYER_CODE, PAYER_NAME, VENDOR_LAB_CODE, 
	  REFERRING_PROV_GROUP_NBR, REFERRING_PROV_GROUP_NAME, REFERRING_PROVIDER_UPIN, REFERRING_PROVIDER_NPI, ORDERING_ACCOUNT, 
	  ORDERINGACCOUNTNAME, REFERRING_PROV_NAME, REFERRING_PROV_ADDR_1, REFERRING_PROV_ADDR_2, REFERRING_PROV_CITY, 
	  REFERRING_PROV_STATE, REFERRING_PROV_ZIP_CODE, REFERRING_PROV_PHONE_NBR, SPECIALTY, PRINCIPAL_DIAG_CODE, 
	  SECONDARY_DIAG_01_CODE, SECONDARY_DIAG_02_CODE, SECONDARY_DIAG_03_CODE, SECONDARY_DIAG_04_CODE, PROCEDURE_CODE, 
	  LOINC_CODE, DATE_OF_SERVICE, LAB_TEST_PANEL_CODE, LAB_TEST_PANEL_NAME, LAB_TEST_CODE, RESULT_NAME, LAB_TEST_DESC, 
	  LOCAL_RESULT_CODE, LAB_TEST_RESULT_VALUE, LAB_TEST_RESULT_TEXT_VALUE, LAB_TEST_RESULT_VALUE_UOM, REF_RANGE_LOW_VALUE, 
	  REF_RANGE_HIGH_VALUE, REF_RANGE_DESC, ABNORMAL_LAB_TEST_RESULT_CODE, LAB_TEST_RESULT_COMMENT_TEXT, LAB_TEST_RESULT_2_VALUE, 
	  LAB_TEST_RESULT_2_VALUE_UOM, LAB_DATA_SOURCE_CODE, SOURCE, ACCTNUM, ACCTNAME, REV_IND, STG_REC_STATUS, STG_REC_LOADDATE
	FROM ishs.UST_MVP_HEALTHSHARE_CLINICAL_LAB_RESULTS
	WHERE MEME_CK is not null
) L 
ON M.MEME_CK = L.MEME_CK
WHERE L.STG_REC_LOADDATE > :loaddate
}

Storage Default
{
<Data name="QueryDefaultData">
<Value name="1">
<Value>%%CLASSNAME</Value>
</Value>
<Value name="2">
<Value>MEMECK</Value>
</Value>
<Value name="3">
<Value>MEMBERID</Value>
</Value>
<Value name="4">
<Value>FACILITY</Value>
</Value>
<Value name="5">
<Value>ASSIGNINGAUTHORITY</Value>
</Value>
<Value name="6">
<Value>LABTESTRESULTID</Value>
</Value>
<Value name="7">
<Value>VENDORTESTRESULTID</Value>
</Value>
<Value name="8">
<Value>PRODUCTID</Value>
</Value>
<Value name="9">
<Value>VENDORBILLINGID</Value>
</Value>
<Value name="10">
<Value>PATIENTACCOUNTNBR</Value>
</Value>
<Value name="11">
<Value>SPECIMENID</Value>
</Value>
<Value name="12">
<Value>ACCESSIONNUMBER</Value>
</Value>
<Value name="13">
<Value>ORDERNUM</Value>
</Value>
<Value name="14">
<Value>ORDERNAME</Value>
</Value>
<Value name="15">
<Value>PAYERACCOUNT</Value>
</Value>
<Value name="16">
<Value>PAYERCODE</Value>
</Value>
<Value name="17">
<Value>PAYERNAME</Value>
</Value>
<Value name="18">
<Value>VENDORLABCODE</Value>
</Value>
<Value name="19">
<Value>REFERRINGPROVGROUPNBR</Value>
</Value>
<Value name="20">
<Value>REFERRINGPROVGROUPNAME</Value>
</Value>
<Value name="21">
<Value>REFERRINGPROVIDERUPIN</Value>
</Value>
<Value name="22">
<Value>REFERRINGPROVIDERNPI</Value>
</Value>
<Value name="23">
<Value>ORDERINGACCOUNT</Value>
</Value>
<Value name="24">
<Value>ORDERINGACCOUNTNAME</Value>
</Value>
<Value name="25">
<Value>REFERRINGPROVNAME</Value>
</Value>
<Value name="26">
<Value>REFERRINGPROVADDR1</Value>
</Value>
<Value name="27">
<Value>REFERRINGPROVADDR2</Value>
</Value>
<Value name="28">
<Value>REFERRINGPROVCITY</Value>
</Value>
<Value name="29">
<Value>REFERRINGPROVSTATE</Value>
</Value>
<Value name="30">
<Value>REFERRINGPROVZIPCODE</Value>
</Value>
<Value name="31">
<Value>REFERRINGPROVPHONENBR</Value>
</Value>
<Value name="32">
<Value>SPECIALTY</Value>
</Value>
<Value name="33">
<Value>PRINCIPALDIAGCODE</Value>
</Value>
<Value name="34">
<Value>SECONDARYDIAG01CODE</Value>
</Value>
<Value name="35">
<Value>SECONDARYDIAG02CODE</Value>
</Value>
<Value name="36">
<Value>SECONDARYDIAG03CODE</Value>
</Value>
<Value name="37">
<Value>SECONDARYDIAG04CODE</Value>
</Value>
<Value name="38">
<Value>PROCEDURECODE</Value>
</Value>
<Value name="39">
<Value>LOINCCODE</Value>
</Value>
<Value name="40">
<Value>DATEOFSERVICE</Value>
</Value>
<Value name="41">
<Value>LABTESTPANELCODE</Value>
</Value>
<Value name="42">
<Value>LABTESTPANELNAME</Value>
</Value>
<Value name="43">
<Value>LABTESTCODE</Value>
</Value>
<Value name="44">
<Value>RESULTNAME</Value>
</Value>
<Value name="45">
<Value>LABTESTDESC</Value>
</Value>
<Value name="46">
<Value>LOCALRESULTCODE</Value>
</Value>
<Value name="47">
<Value>LABTESTRESULTVALUE</Value>
</Value>
<Value name="48">
<Value>LABTESTRESULTTEXTVALUE</Value>
</Value>
<Value name="49">
<Value>LABTESTRESULTVALUEUOM</Value>
</Value>
<Value name="50">
<Value>REFRANGELOWVALUE</Value>
</Value>
<Value name="51">
<Value>REFRANGEHIGHVALUE</Value>
</Value>
<Value name="52">
<Value>REFRANGEDESC</Value>
</Value>
<Value name="53">
<Value>ABNORMALLABTESTRESULTCODE</Value>
</Value>
<Value name="54">
<Value>LABTESTRESULTCOMMENTTEXT</Value>
</Value>
<Value name="55">
<Value>LABTESTRESULT2VALUE</Value>
</Value>
<Value name="56">
<Value>LABTESTRESULT2VALUEUOM</Value>
</Value>
<Value name="57">
<Value>LABDATASOURCECODE</Value>
</Value>
<Value name="58">
<Value>SOURCE</Value>
</Value>
<Value name="59">
<Value>ACCTNUM</Value>
</Value>
<Value name="60">
<Value>ACCTNAME</Value>
</Value>
<Value name="61">
<Value>REVIND</Value>
</Value>
<Value name="62">
<Value>STGRECSTATUS</Value>
</Value>
<Value name="63">
<Value>STGRECLOADDATE</Value>
</Value>
</Data>
<DataLocation>^MVP.EG.Facets.ClinicB36E.QueryD</DataLocation>
<DefaultData>QueryDefaultData</DefaultData>
<IdLocation>^MVP.EG.Facets.ClinicB36E.QueryD</IdLocation>
<IndexLocation>^MVP.EG.Facets.ClinicB36E.QueryI</IndexLocation>
<StreamLocation>^MVP.EG.Facets.ClinicB36E.QueryS</StreamLocation>
<Type>%Storage.Persistent</Type>
}
*/
]]></Content>
</UDLText>

<Storage name="Default">
<Type>%Storage.Persistent</Type>
<DataLocation>^MVP.EG.Facets.ClinicB36E.QueryD</DataLocation>
<DefaultData>QueryDefaultData</DefaultData>
<IdLocation>^MVP.EG.Facets.ClinicB36E.QueryD</IdLocation>
<IndexLocation>^MVP.EG.Facets.ClinicB36E.QueryI</IndexLocation>
<StreamLocation>^MVP.EG.Facets.ClinicB36E.QueryS</StreamLocation>
<Data name="QueryDefaultData">
<Structure>listnode</Structure>
<Subscript/>
<Value name="1">
<Value>%%CLASSNAME</Value>
</Value>
</Data>
</Storage>
</Class>


<Class name="MVP.EG.Facets.ClinicalLabResults.Data.DataLoadGroups">
<ClassType>persistent</ClassType>
<DdlAllowed>1</DdlAllowed>
<ProcedureBlock>1</ProcedureBlock>
<SqlRowIdPrivate>1</SqlRowIdPrivate>
<SqlTableName>DataLoadGroups</SqlTableName>
<Super>%Persistent</Super>
<TimeChanged>65784,33083.68877</TimeChanged>
<TimeCreated>65777,37349.664628</TimeCreated>

<Property name="MEMECK">
<Type>%String</Type>
</Property>

<Property name="MEMBERID">
<Type>%String</Type>
</Property>

<Property name="DATEOFSERVICE">
<Type>%String</Type>
</Property>

<Property name="LABTESTPANELCODE">
<Type>%String</Type>
</Property>

<Property name="LABPANELCOUNT">
<Type>%Integer</Type>
<Parameter name="MAXVAL" value="2147483647"/>
<Parameter name="MINVAL" value="-2147483648"/>
</Property>

<Property name="Processing">
<Type>%Library.Boolean</Type>
<InitialExpression>0</InitialExpression>
</Property>

<Property name="Success">
<Type>%Library.Boolean</Type>
<InitialExpression>0</InitialExpression>
</Property>

<Property name="CreateDate">
<Type>%Library.DateTime</Type>
<InitialExpression>$zdt($zu(188),3,1)</InitialExpression>
</Property>

<Index name="MainIDX">
<Properties>MEMECK,MEMBERID,DATEOFSERVICE,LABTESTPANELCODE</Properties>
</Index>

<Storage name="Default">
<Type>%Storage.Persistent</Type>
<DataLocation>^MVP.EG.Face87C0.DataLoadGroupsD</DataLocation>
<DefaultData>DataLoadGroupsDefaultData</DefaultData>
<IdLocation>^MVP.EG.Face87C0.DataLoadGroupsD</IdLocation>
<IndexLocation>^MVP.EG.Face87C0.DataLoadGroupsI</IndexLocation>
<StreamLocation>^MVP.EG.Face87C0.DataLoadGroupsS</StreamLocation>
<Data name="DataLoadGroupsDefaultData">
<Structure>listnode</Structure>
<Subscript/>
<Value name="1">
<Value>%%CLASSNAME</Value>
</Value>
<Value name="2">
<Value>MEMECK</Value>
</Value>
<Value name="3">
<Value>MEMBERID</Value>
</Value>
<Value name="4">
<Value>DATEOFSERVICE</Value>
</Value>
<Value name="5">
<Value>LABTESTPANELCODE</Value>
</Value>
<Value name="6">
<Value>LABPANELCOUNT</Value>
</Value>
<Value name="7">
<Value>Processing</Value>
</Value>
<Value name="8">
<Value>Success</Value>
</Value>
<Value name="9">
<Value>CreateDate</Value>
</Value>
</Data>
</Storage>
</Class>


<Class name="MVP.EG.Facets.ClinicalLabResults.Data.DataLoadMembers">
<ClassType>persistent</ClassType>
<DdlAllowed>1</DdlAllowed>
<ProcedureBlock>1</ProcedureBlock>
<SqlRowIdPrivate>1</SqlRowIdPrivate>
<SqlTableName>DataLoadMembers</SqlTableName>
<Super>%Persistent</Super>
<TimeChanged>65784,33093.686442</TimeChanged>
<TimeCreated>65777,46919.127158</TimeCreated>

<Property name="MEMECK">
<Type>%String</Type>
</Property>

<Property name="MEMBERID">
<Type>%String</Type>
</Property>

<Index name="MrnIDX">
<Properties>MEMECK</Properties>
</Index>

<Storage name="Default">
<Type>%Storage.Persistent</Type>
<DataLocation>^MVP.EG.Fac87C0.DataLoadMemE940D</DataLocation>
<DefaultData>DataLoadMembersDefaultData</DefaultData>
<IdLocation>^MVP.EG.Fac87C0.DataLoadMemE940D</IdLocation>
<IndexLocation>^MVP.EG.Fac87C0.DataLoadMemE940I</IndexLocation>
<StreamLocation>^MVP.EG.Fac87C0.DataLoadMemE940S</StreamLocation>
<Data name="DataLoadMembersDefaultData">
<Structure>listnode</Structure>
<Subscript/>
<Value name="1">
<Value>%%CLASSNAME</Value>
</Value>
<Value name="2">
<Value>MEMECK</Value>
</Value>
<Value name="3">
<Value>MEMBERID</Value>
</Value>
</Data>
</Storage>
</Class>


<Class name="MVP.EG.Facets.ClinicalLabResults.Message.Request">
<Super>Ens.Request</Super>
<TimeChanged>65784,33105.740275</TimeChanged>
<TimeCreated>65743,49452.766253</TimeCreated>

<Property name="ID">
<Type>%String</Type>
</Property>

<Property name="MEMECK">
<Type>%String</Type>
</Property>

<Property name="MEMBERID">
<Type>%String</Type>
</Property>

<Property name="FACILITY">
<Type>%String</Type>
</Property>

<Property name="ASSIGNINGAUTHORITY">
<Type>%String</Type>
</Property>

<Property name="DATEOFSERVICE">
<Type>%String</Type>
</Property>

<Property name="LABTESTPANELCODE">
<Type>%String</Type>
</Property>

<UDLText name="T">
<Content><![CDATA[
// HS TABLE:  MVP_Facets_ClinicalLabResults.DataLoadGroups

]]></Content>
</UDLText>

<Property name="CREATEDATE">
<Type>%TimeStamp</Type>
</Property>

<Property name="LABPANELCOUNT">
<Type>%Integer</Type>
</Property>

<Property name="PROCESSING">
<Type>%Boolean</Type>
</Property>

<Property name="SUCCESS">
<Type>%Boolean</Type>
</Property>

<Storage name="Default">
<Type>%Storage.Persistent</Type>
<DefaultData>RequestDefaultData</DefaultData>
<Data name="RequestDefaultData">
<Structure>listnode</Structure>
<Subscript>"Request"</Subscript>
<Value name="1">
<Value>ID</Value>
</Value>
<Value name="2">
<Value>MEMECK</Value>
</Value>
<Value name="3">
<Value>MEMBERID</Value>
</Value>
<Value name="4">
<Value>FACILITY</Value>
</Value>
<Value name="5">
<Value>ASSIGNINGAUTHORITY</Value>
</Value>
<Value name="6">
<Value>DATEOFSERVICE</Value>
</Value>
<Value name="7">
<Value>LABTESTPANELCODE</Value>
</Value>
<Value name="8">
<Value>CREATEDATE</Value>
</Value>
<Value name="9">
<Value>LABPANELCOUNT</Value>
</Value>
<Value name="10">
<Value>PROCESSING</Value>
</Value>
<Value name="11">
<Value>SUCCESS</Value>
</Value>
</Data>
</Storage>
</Class>


<Class name="MVP.EG.Facets.ClinicalLabResults.Process">
<ClassType>persistent</ClassType>
<Language>objectscript</Language>
<Super>Ens.BusinessProcess</Super>
<TimeChanged>65784,34218.820474</TimeChanged>
<TimeCreated>65763,55444.353751</TimeCreated>

<UDLText name="T">
<Content><![CDATA[
/*
	Handle the 'Request'
*/
]]></Content>
</UDLText>

<Method name="OnRequest">
<FormalSpec>pRequest:MVP.EG.Facets.ClinicalLabResults.Message.Request,*pResponse:Ens.Response</FormalSpec>
<ReturnType>%Status</ReturnType>
<Implementation><![CDATA[
	#dim eException As %Exception.AbstractException
	#dim tSC As %Status
	
	set tSC = $$$OK
	try 
	{		
		//if (pRequest.MEMECK'="" & pRequest.LABTESTRESULTLOADDATE'="") 
		if (pRequest.MEMECK'="") 
		{	
        	set tContainer=##class(HS.SDA3.Container).%New()

			#dim tMEMECK As %String = pRequest.MEMECK
			#dim tMEMBERID As %String = pRequest.MEMBERID
			#dim tDATEOFSERVICE As %String = pRequest.DATEOFSERVICE
			#dim tLABTESTPANELCODE As %String = pRequest.LABTESTPANELCODE
			#dim tLABTESTPANELCOUNT As %Integer = pRequest.LABPANELCOUNT
			#dim tPROCESSING As %Boolean = pRequest.PROCESSING

			// Add Patient Data to SDA Container
			set tPatient=##class(HS.SDA3.Patient).%New()
  			set tPatMRN=##class(HS.SDA3.PatientNumber).%New()
  			set tPatMRN.Number=pRequest.MEMECK
  			set tPatMRN.NumberType="MRN"
  			set tPatMRN.Organization.Code=pRequest.FACILITY
  			set tPatMRN.ISOAssigningAuthority=pRequest.ASSIGNINGAUTHORITY
  			do tPatient.PatientNumbers.Insert(tPatMRN)
  			
  			set tPatMB=##class(HS.SDA3.PatientNumber).%New()
  			set tPatMB.Number=pRequest.MEMBERID
  			set tPatMB.NumberType="MB"
  			set tPatMB.Organization.Code=pRequest.FACILITY
  			set tPatMB.ISOAssigningAuthority=pRequest.ASSIGNINGAUTHORITY
  			do tPatient.PatientNumbers.Insert(tPatMB)            	
        	
			set tContainer.Patient=tPatient
			set tContainer.SendingFacility="SDA3"				
			
			// Add Lab Test Results to SDA
			set tSC=..AddLabOrdersToSDA(.pRequest, .tContainer)			
			$$$ThrowOnError(tSC)

			set tQuickStream = ##class(%GlobalCharacterStream).%New()			
			$$$THROWONERROR(tSC,tContainer.ToQuickXMLStream(.tQuickStream))
			
			set tRequest=##class(HS.Message.ECRUpdateRequest).%New()
			
			// Do not update demographics. This data already comes from the Member SQL View
			set tRequest.UpdateECRDemographics=0
			set tRequest.MPIUpdateFlag = 0
			set tRequest.StreamContentType="SDA3"
				
			$$$THROWONERROR(tSC, tRequest.ContentStream.CopyFrom(tQuickStream))		
			$$$THROWONERROR(tSC, ..SendRequestSync("HS.Gateway.SDA3.InboundProcess",tRequest,.tResponse))
			
			// UPDATE MEMBER DATA GROUP - SENT TO SDA3 InboundProcess
			if tLABTESTPANELCODE '= ""
			{
				set tSC = ..UpdatMemberDataGroupSuccess(tMEMECK, tMEMBERID, tDATEOFSERVICE, tLABTESTPANELCODE, tLABTESTPANELCOUNT, tPROCESSING, 1)
			}
			else
			{
				set tSC = ..UpdatMemberDataGroupSuccessNULL(tMEMECK, tMEMBERID, tDATEOFSERVICE, tLABTESTPANELCOUNT, tPROCESSING, 1)
			}
			$$$ThrowOnError(tSC)				

		} // END..IF
	}
	catch (eException) 
	{
		Set tSC = eException.AsStatus()
		$$$LOGINFO(tSC)
	}
	Quit tSC
]]></Implementation>
</Method>

<UDLText name="T">
<Content><![CDATA[
/*
	Handle the 'Response'
*/
]]></Content>
</UDLText>

<Method name="OnResponse">
<FormalSpec><![CDATA[request:%Library.Persistent,&response:%Library.Persistent,callrequest:%Library.Persistent,callresponse:%Library.Persistent,pCompletionKey:%String]]></FormalSpec>
<ReturnType>%Status</ReturnType>
<Implementation><![CDATA[	Quit $$$OK
]]></Implementation>
</Method>

<UDLText name="T">
<Content><![CDATA[
/*  SHARE METHOD
	GET AND PERSIST LIST OF MVP MEMBERS THAT 
	HAVE ALREADY BEEN LOADED INTO HEALTHSHARE
*/
]]></Content>
</UDLText>

<Method name="UpdatMemberDataGroupSuccess">
<FormalSpec>MEMECK:%String,MEMBERID:%String,DATEOFSERVICE:%String,LABTESTPANELCODE:%String,LABTESTPANELCOUNT:%Integer,PROCESSING:%Boolean,SUCCESS:%Boolean</FormalSpec>
<ReturnType>%Status</ReturnType>
<Implementation><![CDATA[
	#dim eException as %Exception.AbstractException
	#dim tSC As %Status
	set tSC = $$$OK
	try 
	{	
		// Start Transaction
		&SQL(start transaction)

		&SQL(
			UPDATE MVP_EG_Facets_ClinicalLabResults_Data.DataLoadGroups
			SET Processing = :PROCESSING, Success = :SUCCESS
			WHERE MEMECK = :MEMECK AND 
			       MEMBERID = :MEMBERID AND 
			       DATEOFSERVICE = :DATEOFSERVICE AND 
			       LABTESTPANELCODE = :LABTESTPANELCODE AND 
			       LABPANELCOUNT = :LABTESTPANELCOUNT
			     
		)

		// Commit Data Update
		&SQL(COMMIT)
	
		If SQLCODE<0 THROW ##class(%Exception.SQL).CreateFromSQLCODE(SQLCODE,$Get(%msg))
	}
	catch eException 
	{
		&SQL(rollback)
		set tSC = eException.AsStatus()
	}		
	quit tSC
]]></Implementation>
</Method>

<Method name="UpdatMemberDataGroupSuccessNULL">
<FormalSpec>MEMECK:%String,MEMBERID:%String,DATEOFSERVICE:%String,LABTESTPANELCOUNT:%Integer,PROCESSING:%Boolean,SUCCESS:%Boolean</FormalSpec>
<ReturnType>%Status</ReturnType>
<Implementation><![CDATA[
	#dim eException as %Exception.AbstractException
	#dim tSC As %Status
	set tSC = $$$OK
	try 
	{	
		// Start Transaction
		&SQL(start transaction)

		&SQL(
			UPDATE MVP_EG_Facets_ClinicalLabResults_Data.DataLoadGroups
			SET Processing = :PROCESSING, Success = :SUCCESS
			WHERE MEMECK = :MEMECK AND 
			       MEMBERID = :MEMBERID AND 
			       DATEOFSERVICE = :DATEOFSERVICE AND 
			       LABTESTPANELCODE is null AND 
			       LABPANELCOUNT = :LABTESTPANELCOUNT			     
		)

		// Commit Data Update
		&SQL(COMMIT)
	
		If SQLCODE<0 THROW ##class(%Exception.SQL).CreateFromSQLCODE(SQLCODE,$Get(%msg))
	}
	catch eException 
	{
		&SQL(rollback)
		set tSC = eException.AsStatus()
	}		
	quit tSC
]]></Implementation>
</Method>

<UDLText name="T">
<Content><![CDATA[
/*
	Add Lab Test Results to Lab Order and then Update SDA
*/
]]></Content>
</UDLText>

<Method name="AddLabOrdersToSDA">
<FormalSpec><![CDATA[&pRequest:MVP.EG.Facets.ClinicalLabResults.Message.Request,&pContainer:HS.SDA3.Container]]></FormalSpec>
<ReturnType>%Status</ReturnType>
<Implementation><![CDATA[
	#dim statement As %SQL.Statement
	#dim resultset As %Library.RegisteredObject //%SQL.ClassQueryResultSet
	#dim request As MVP.EG.Facets.ClinicalLabResults.Message.Request
	#dim response As %Library.Persistent
	#dim eException as %Exception.AbstractException
	#dim tSC as %Status = $$$OK
	try 
	{  		
		// Intialize New Instance of Lab Order and Add Single Lab Order
		set tLabOrder = ##class(HS.SDA3.LabOrder).%New()

		// Validate if LAB TEST PANEL CODE is empty and set LAB ORDER Unqiue ID
		if pRequest.LABTESTPANELCODE '= "" {
			set tLabOrder.FillerId = pRequest.MEMECK _ $ZSTRIP(pRequest.DATEOFSERVICE, "*", "-") _ $ZSTRIP(pRequest.LABTESTPANELCODE, "*", "-")
			set tLabOrder.GroupId = pRequest.MEMECK _ $ZSTRIP(pRequest.DATEOFSERVICE, "*", "-") _ $ZSTRIP(pRequest.LABTESTPANELCODE, "*", "-")
		}
		else {
			set tLabOrder.FillerId = pRequest.MEMECK _ $ZSTRIP(pRequest.DATEOFSERVICE, "*", "-")
			set tLabOrder.GroupId = pRequest.MEMECK _ $ZSTRIP(pRequest.DATEOFSERVICE, "*", "-")
		}

		set tSC = ..GetSingleLabTestResultByMember(.pRequest, .tLabOrder)

		// Add Lab Order to SDA3 Container
		do pContainer.LabOrders.Insert(tLabOrder)
	
		$$$TRACE("LabTestResults - MEMECK: "_pRequest.MEMECK_" - Lab Result Test Load Date: " _ pRequest.CREATEDATE)
		Write !, "LabTestResults - MEMECK: ", " - ", pRequest.MEMECK _ " - DATEOFSERVICE: " _ pRequest.DATEOFSERVICE _  " - LABTESTPANELCODE: " _ pRequest.LABTESTPANELCODE _  " - CREATEDATE: " _ pRequest.CREATEDATE
		Write !, " "
		
		$$$ThrowOnError(tSC)
	}
	catch eException 
	{
		set tSC = eException.AsStatus()
		zw tSC
	}
	quit tSC
]]></Implementation>
</Method>

<UDLText name="T">
<Content><![CDATA[
/*
	Determine if Member has been loaded into HealthShare
*/
]]></Content>
</UDLText>

<Method name="GetSingleLabTestResultByMember">
<FormalSpec><![CDATA[&pRequest:MVP.EG.Facets.ClinicalLabResults.Message.Request,&tLabOrder:HS.SDA3.LabOrder]]></FormalSpec>
<ReturnType>%Status</ReturnType>
<Implementation><![CDATA[
	#dim eException as %Exception.AbstractException
	#dim tSC As %Status
	set tSC = $$$OK
	try 
	{	
		#dim statement As %SQL.Statement
		#dim resultset As %Library.RegisteredObject //%SQL.ClassQueryResultSet
	
		// Prepare and Validate Query Procedure
	  	set statement = ##class(%SQL.Statement).%New()	  	
		$$$THROWONERROR(tSC, statement.%PrepareClassQuery("MVP.EG.Facets.ClinicalLabResults.Process","GetLabTestResultByMember"))

		// Execute Class Query and validate no errors.
	  	set resultset = statement.%Execute(pRequest.MEMECK, pRequest.DATEOFSERVICE, pRequest.LABTESTPANELCODE).%NextResult()

        //Supported values: D = Delete I = Inactivate all orders of this type (set Status="I") 
        //                  C = Clear/delete all orders of this type 
        //                  R = Replace - Applies only to Atomic Result Items. 
	  	#dim actionCode as %String
	  	#dim bValidateLabOrderHeader as %Boolean = 0
        if resultset.%SQLCODE = 0 
        {    
        	#dim nLabTestResultCounter as %Integer = 0
			For  
			{
				Quit:'resultset.%Next()	            

				if bValidateLabOrderHeader = 0 
				{
					set tLabOrder.EnteringOrganization = $ZSTRIP(resultset.SOURCE,"<>W")
					set tLabOrder.EnteredAt = $ZSTRIP(resultset.SOURCE,"<>WC")
					set tLabOrder.EnteredBy = $ZSTRIP(resultset.VENDORLABCODE,"<>WC")
					set tLabOrder.EnteredOn = pRequest.DATEOFSERVICE
					set tLabOrder.FillerAssigningAuthority = $ZSTRIP(resultset.SOURCE,"<>W")
					set tLabOrder.FromTime = $ZSTRIP(resultset.STGRECLOADDATE,"<>W")
					set tLabOrder.EncounterNumber = $ZSTRIP(resultset.PATIENTACCOUNTNBR,"<>W")

					set actionCode = $ZSTRIP(resultset.STGRECSTATUS,"<>WC")
					if actionCode = "D" 
					{
						set tLabOrder.ActionCode = "C"
					}
					
					set tLabOrder.OrderedBy = $ZSTRIP(resultset.REFERRINGPROVNAME,"<>W")
					set tLabOrder.OrderQuantity = pRequest.LABPANELCOUNT
					set tLabOrder.OrderItem.Code = pRequest.LABTESTPANELCODE
					set tLabOrder.OrderItem.Description = $ZSTRIP(resultset.LABTESTPANELNAME,"<>WC")

					set bValidateLabOrderHeader = 1  
				}
				
				// Intialize New Instance of Lab Result Item
				set tLabResultItem = ##class(HS.SDA3.LabResultItem).%New()
				
				set tLabResultItem.Comments = $ZSTRIP(resultset.LABTESTRESULTCOMMENTTEXT,"<>W")
				set tLabResultItem.ResultNormalRange = "LOW: "_ $ZSTRIP(resultset.REFRANGELOWVALUE,"<>WC") _ "  -  HIGH: "_ $ZSTRIP(resultset.REFRANGEHIGHVALUE,"<>WC")
				set tLabResultItem.ResultCodedValue = $ZSTRIP(resultset.LOCALRESULTCODE,"<>WC")
				set tLabResultItem.ResultInterpretation = $ZSTRIP(resultset.ABNORMALLABTESTRESULTCODE,"<>WC")
				set tLabResultItem.ResultValue = $ZSTRIP(resultset.LABTESTRESULTVALUE,"<>WC")
				set tLabResultItem.ResultValueUnits = $ZSTRIP(resultset.LABTESTRESULTVALUEUOM,"<>WC") 
				set tLabResultItem.TestItemCode.Code = $ZSTRIP(resultset.LABTESTCODE,"<>WC")
				set tLabResultItem.TestItemCode.Description = $ZSTRIP(resultset.LABTESTDESC,"<>WC")

				set tLabResultItem.UpdatedOn = pRequest.CREATEDATE

				// Add Lab Results to Lab Order
				do tLabOrder.Result.ResultItems.Insert(tLabResultItem)
				
				// Increment FOR..LOOP counter
				set nLabTestResultCounter = $I(nLabTestResultCounter)

			} // END..FORLOOP
				
			Write !,"LAB TEST RESULT COUNT: ",*9,"  - ", nLabTestResultCounter				

        } // END..IF
	}
	catch eException 
	{
		set tSC = eException.AsStatus()
		zw tSC
	}	
	quit tSC
]]></Implementation>
</Method>

<UDLText name="T">
<Content><![CDATA[
/*
	Retrieve Lap Test Result by Member and Load Date
		> ContainID = First Index Column "MEME_CK"
*/
]]></Content>
</UDLText>

<Query name="GetLabTestResultByMember">
<Type>%SQLQuery</Type>
<FormalSpec>memeck:%String="",dateofservice:%String,labtestpanelcode:%String</FormalSpec>
<SqlProc>1</SqlProc>
<SqlQuery>	SELECT	MEME_CK AS MEMECK, LAB_TEST_RESULT_ID AS LABTESTRESULTID, VENDOR_TEST_RESULT_ID AS VENDORTESTRESULTID, 
			PRODUCT_ID AS PRODUCTID, VENDOR_BILLING_ID AS VENDORBILLINGID, PATIENT_ACCOUNT_NBR AS PATIENTACCOUNTNBR, 
			SPECIMEN_ID AS SPECIMENID, ACCESSIONNUMBER, ORDER_NUM AS ORDERNUM, ORDERNAME, PAYER_ACCOUNT AS PAYERACCOUNT, 
			PAYER_CODE AS PAYERCODE, PAYER_NAME AS PAYERNAME, VENDOR_LAB_CODE AS VENDORLABCODE, 
			REFERRING_PROV_GROUP_NBR AS REFERRINGPROVGROUPNBR, REFERRING_PROV_GROUP_NAME AS REFERRINGPROVGROUPNAME, 
			REFERRING_PROVIDER_UPIN AS REFERRINGPROVIDERUPIN, REFERRING_PROVIDER_NPI AS REFERRINGPROVIDERNPI, 
			ORDERING_ACCOUNT AS ORDERINGACCOUNT, ORDERINGACCOUNTNAME, REFERRING_PROV_NAME AS REFERRINGPROVNAME, 
			REFERRING_PROV_ADDR_1 AS REFERRINGPROVADDR1, REFERRING_PROV_ADDR_2 AS REFERRINGPROVADDR2, 
			REFERRING_PROV_CITY AS REFERRINGPROVCITY, REFERRING_PROV_STATE AS REFERRINGPROVSTATE, 
			REFERRING_PROV_ZIP_CODE AS REFERRINGPROVZIPCODE, REFERRING_PROV_PHONE_NBR AS REFERRINGPROVPHONENBR, SPECIALTY, 
			PRINCIPAL_DIAG_CODE AS PRINCIPALDIAGCODE, SECONDARY_DIAG_01_CODE AS SECONDARYDIAG01CODE, 
			SECONDARY_DIAG_02_CODE AS SECONDARYDIAG02CODE, SECONDARY_DIAG_03_CODE AS SECONDARYDIAG03CODE, 
			SECONDARY_DIAG_04_CODE AS SECONDARYDIAG04CODE, PROCEDURE_CODE AS PROCEDURECODE, LOINC_CODE AS LOINCCODE, 
			DATE_OF_SERVICE AS DATEOFSERVICE, LAB_TEST_PANEL_CODE AS LABTESTPANELCODE, LAB_TEST_PANEL_NAME AS LABTESTPANELNAME, 
			LAB_TEST_CODE AS LABTESTCODE, RESULT_NAME AS RESULTNAME, LAB_TEST_DESC AS LABTESTDESC, LOCAL_RESULT_CODE AS LOCALRESULTCODE, 
			LAB_TEST_RESULT_VALUE AS LABTESTRESULTVALUE, LAB_TEST_RESULT_TEXT_VALUE AS LABTESTRESULTTEXTVALUE, 
			LAB_TEST_RESULT_VALUE_UOM AS LABTESTRESULTVALUEUOM, REF_RANGE_LOW_VALUE AS REFRANGELOWVALUE, 
			REF_RANGE_HIGH_VALUE AS REFRANGEHIGHVALUE, REF_RANGE_DESC AS REFRANGEDESC, 
			ABNORMAL_LAB_TEST_RESULT_CODE AS ABNORMALLABTESTRESULTCODE, LAB_TEST_RESULT_COMMENT_TEXT AS LABTESTRESULTCOMMENTTEXT, 
			LAB_TEST_RESULT_2_VALUE AS LABTESTRESULT2VALUE, LAB_TEST_RESULT_2_VALUE_UOM AS LABTESTRESULT2VALUEUOM, 
			LAB_DATA_SOURCE_CODE AS LABDATASOURCECODE, SOURCE, ACCTNUM, ACCTNAME, REV_IND AS REVIND, 
			STG_REC_STATUS AS STGRECSTATUS, STG_REC_LOADDATE AS STGRECLOADDATE	
	FROM MVP_EG_ishs.USV_MVP_HEALTHSHARE_CLINICAL_LAB_RESULTS
	WHERE (MEME_CK = :memeck AND DATE_OF_SERVICE = :dateofservice AND LAB_TEST_PANEL_CODE = :labtestpanelcode)
           OR
          (MEME_CK = :memeck AND DATE_OF_SERVICE = :dateofservice AND LAB_TEST_PANEL_CODE IS NULL)</SqlQuery>
<Parameter name="CONTAINID" value="1"/>
</Query>

<UDLText name="T">
<Content><![CDATA[
/*
	Determine if Member has been loaded into HealthShare
*/
]]></Content>
</UDLText>

<Method name="ValidateMVPMemberExists">
<FormalSpec><![CDATA[mrn:%String,&exists:%Boolean=0]]></FormalSpec>
<ReturnType>%Status</ReturnType>
<Implementation><![CDATA[
	#dim eException as %Exception.AbstractException
	#dim tSC As %Status
	set tSC = $$$OK
	try 
	{	
		#dim statement As %SQL.Statement
		#dim resultset As %SQL.StatementResult

		// Prepare and Validate Query Procedure
	  	set statement = ##class(%SQL.Statement).%New()	  	
		set statement.%SelectMode=1
		$$$THROWONERROR(tSC, statement.%PrepareClassQuery("MVP.EG.Facets.ClinicalLabResults.Process", "GetMVPMember"))

		// Execute Class Query and validate no errors.
	  	set resultset = statement.%Execute(mrn)
	  	
        if resultset.%SQLCODE = 0 
        {    
            While resultset.%Next()	  	
            {
	            set exists = 1
	            quit:1
            }
        }
	}
	catch eException 
	{
		set tSC = eException.AsStatus()
		zw tSC
	}		
	quit tSC
]]></Implementation>
</Method>

<UDLText name="T">
<Content><![CDATA[
/*
	GET Member that has been loaded into HealthShare
*/
]]></Content>
</UDLText>

<Query name="GetMVPMember">
<Type>%SQLQuery</Type>
<FormalSpec>memeck:%String</FormalSpec>
<SqlProc>1</SqlProc>
<SqlQuery>	SELECT TOP(1) CompositeMRN 
	FROM RC_HS.SDAStreamlet 
	WHERE CompositeMRN = 'SDA3^MVP^' || :memeck</SqlQuery>
</Query>

<Storage name="Default">
<Type>%Storage.Persistent</Type>
</Storage>
</Class>


<Class name="MVP.EG.Facets.ClinicalLabResults.Service">
<Super>Ens.BusinessService</Super>
<TimeChanged>65784,35488.852282</TimeChanged>
<TimeCreated>65764,40146.160066</TimeCreated>

<Parameter name="ADAPTER">
<Default>EnsLib.SQL.InboundAdapter</Default>
</Parameter>

<Parameter name="REQUESTCLASSES">
<Type>%String</Type>
<Default>EnsLib.SQL.Snapshot</Default>
</Parameter>

<Property name="InitDSN">
<Type>%String</Type>
</Property>

<Property name="RecordCount">
<Type>%Integer</Type>
</Property>

<Parameter name="SETTINGS">
<Default>RecordCount:Data</Default>
</Parameter>

<Method name="OnTask">
<ReturnType>%Status</ReturnType>
<Implementation><![CDATA[
	$$$LOGINFO("MVP.EG.Facets.ClinicalLabResults.Service - OnTask() Start")
	
	#dim tSC as %Status=$$$OK
	try
	{	
		set tSC = ..ProcessInput()
	}
	catch ex {
		set tSC = ex.AsStatus()
	}
	Quit tSC
]]></Implementation>
</Method>

<Method name="OnInit">
<ReturnType>%Status</ReturnType>
<Implementation><![CDATA[
   #; initialize persistent last key value
   Do ..Adapter.InitializePersistentValue(..%ConfigName,,0)
   set ..InitDSN = ..Adapter.DSN
   Quit $$$OK
]]></Implementation>
</Method>

<UDLText name="T">
<Content><![CDATA[
/*	
	This service will retrieve all records from the source view 
 	where the data load date is >= ^LastLoadDate Global Variable
*/
]]></Content>
</UDLText>

<Method name="ProcessInput">
<ReturnType>%Status</ReturnType>
<Implementation><![CDATA[
	#dim eException as %Exception.AbstractException
	#dim tSC As %Status
	set tSC = $$$OK
	try 
	{
		&SQL(truncate table MVP_EG_Facets_ClinicalLabResults_Data.DataLoadMembers)
		&SQL(truncate table MVP_EG_Facets_ClinicalLabResults_Data.DataLoadGroups)
		
		$$$LOGINFO("MVP.EG.Facets.ClinicalLabResults.Service.ProcessInput - START")
		Write !," "
		Write !,"MVP.EG.Facets.ClinicalLabResults.Service.ProcessInput - START"
		Write !," "

		// GET AND PERSIST LIST OF MVP MEMBERS ALREADY LOADED INTO HEALTHSHARE
		set tSC = ..LoadUniqueLabTestResultMembers()
		$$$ThrowOnError(tSC)

		// GET AND PERSIST LAB TEST RESULT DATA GROUPS FOR EACH MEMBER
		set tSC = ..LoadUniqueLabTestResultDataGroups()
		$$$ThrowOnError(tSC)

		#dim request As MVP.EG.Facets.ClinicalLabResults.Message.Request
		#dim response As %Library.Persistent
		#dim memberSentCount As %Integer = 0

		// SQL CURSOR CODE
		&SQL(DECLARE MemberLoop 
			 CURSOR FOR
				 SELECT MEMECK, MEMBERID, DATEOFSERVICE, LABTESTPANELCODE, LABPANELCOUNT, 
				        PROCESSING, SUCCESS, CREATEDATE 
				  INTO :memeck, :memberid, :dateofservice, :labtestpanelcode, :labpanelcount, 
				       :processing, :success, :createdate
				 FROM MVP_EG_Facets_ClinicalLabResults_Data.DataLoadGroups
		)	
		&SQL(OPEN MemberLoop)
		For 
		{
			&SQL(Fetch MemberLoop)
			If SQLCODE=100 Quit
			If SQLCODE<0 THROW ##class(%Exception.SQL).CreateFromSQLCODE(SQLCODE,$Get(%msg))

			// Create Class Message Instancee and Populate with data
   			set request=##class(MVP.EG.Facets.ClinicalLabResults.Message.Request).%New()
			set request.MEMECK=memeck
   			set request.MEMBERID=memberid
   			set request.DATEOFSERVICE=dateofservice
   			set request.LABTESTPANELCODE=labtestpanelcode
   			set request.LABPANELCOUNT=labpanelcount
   			set request.PROCESSING=1
   			set request.SUCCESS=0
   			set request.CREATEDATE=createdate
   			set request.FACILITY="MVP"
   			set request.ASSIGNINGAUTHORITY="MVP"

			// UPDATE MEMBER DATA GROUP - SENT TO BUSINESS PROCESS
			if labtestpanelcode '= ""
			{
				set tSC = ..UpdatMemberDataGroup(memeck, memberid, dateofservice, labtestpanelcode, labpanelcount, request.PROCESSING, 0)
			}
			else
			{
				set tSC = ..UpdatMemberDataGroupNULL(memeck, memberid, dateofservice, labpanelcount, request.PROCESSING, 0)
			}
			$$$ThrowOnError(tSC)

			if ..SDAExistsByFAM("SDA3","MVP",request.MEMECK)
			{
				Set tSC =..SendRequestSync("MVP.EG.Facets.ClinicalLabResults.Process",request,.response) 
			}
			$$$ThrowOnError(tSC)

			set ..%SessionId = ""
			set memberSentCount = $I(memberSentCount)			
		}
		&SQL(Close MemberLoop)

		If SQLCODE<0 {
			THROW ##class(%Exception.SQL).CreateFromSQLCODE(SQLCODE,$Get(%msg))
		}

		Write !," "
		Write !,"Totol MemberCount Sent To Process: ", memberSentCount
		Write !," "
		Write !,"MVP.EG.Facets.ClinicalLabResults.Service.ProcessInput - END"
		Write !," "		
		$$$LOGINFO("MVP.EG.Facets.ClinicalLabResults.Service.ProcessInput - END")

        // Update Global Variable to include next incremental load date
       	//if ($$$ISOK(tSC))
       	//{
	    // 	set ^MVP.EG.Facets.ClinicalLabResults.Service.LastLoadDateTime = tCurrentDateTime
       	//}		
	}
	catch eException 
	{
		// UPDATE MEMBER DATA GROUP PROCESSING FAILED
		// do ..UpdatMemberDataGroup(memeck, memberid, dateofservice, labtestpanelcode, labpanelcount, 0, 0)
		
		set tSC = eException.AsStatus()
		$$$ThrowOnError(tSC)
	}		

	quit tSC
]]></Implementation>
</Method>

<UDLText name="T">
<Content><![CDATA[
/*  SHARE METHOD
	GET AND PERSIST LIST OF MVP MEMBERS THAT 
	HAVE ALREADY BEEN LOADED INTO HEALTHSHARE
*/
]]></Content>
</UDLText>

<Method name="UpdatMemberDataGroup">
<FormalSpec>MEMECK:%String,MEMBERID:%String,DATEOFSERVICE:%String,LABTESTPANELCODE:%String,LABTESTPANELCOUNT:%Integer,PROCESSING:%Boolean,SUCCESS:%Boolean</FormalSpec>
<ReturnType>%Status</ReturnType>
<Implementation><![CDATA[
	#dim eException as %Exception.AbstractException
	#dim tSC As %Status
	set tSC = $$$OK
	try 
	{	
		// Start Transaction
		&SQL(start transaction)

		&SQL(
			UPDATE MVP_EG_Facets_ClinicalLabResults_Data.DataLoadGroups
			SET Processing = :PROCESSING, Success = :SUCCESS
			WHERE MEMECK = :MEMECK AND 
			      MEMBERID = :MEMBERID AND 
			      DATEOFSERVICE = :DATEOFSERVICE AND 
			      LABTESTPANELCODE = :LABTESTPANELCODE AND 
			      LABPANELCOUNT = :LABTESTPANELCOUNT			
		)

		// Commit Data Update
		&SQL(COMMIT)
	
		If SQLCODE<0 THROW ##class(%Exception.SQL).CreateFromSQLCODE(SQLCODE,$Get(%msg))
	}
	catch eException 
	{
		&SQL(rollback)
		set tSC = eException.AsStatus()
	}		
	quit tSC
]]></Implementation>
</Method>

<Method name="UpdatMemberDataGroupNULL">
<FormalSpec>MEMECK:%String,MEMBERID:%String,DATEOFSERVICE:%String,LABTESTPANELCOUNT:%Integer,PROCESSING:%Boolean,SUCCESS:%Boolean</FormalSpec>
<ReturnType>%Status</ReturnType>
<Implementation><![CDATA[
	#dim eException as %Exception.AbstractException
	#dim tSC As %Status
	set tSC = $$$OK
	try 
	{	
		// Start Transaction
		&SQL(start transaction)

		&SQL(
			UPDATE MVP_EG_Facets_ClinicalLabResults_Data.DataLoadGroups
			SET Processing = :PROCESSING, Success = :SUCCESS
			WHERE MEMECK = :MEMECK AND 
			       MEMBERID = :MEMBERID AND 
			       DATEOFSERVICE = :DATEOFSERVICE AND 
			       LABTESTPANELCODE is null AND 
			       LABPANELCOUNT = :LABTESTPANELCOUNT			     
		)

		// Commit Data Update
		&SQL(COMMIT)
	
		If SQLCODE<0 THROW ##class(%Exception.SQL).CreateFromSQLCODE(SQLCODE,$Get(%msg))
	}
	catch eException 
	{
		&SQL(rollback)
		set tSC = eException.AsStatus()
	}		
	quit tSC
]]></Implementation>
</Method>

<UDLText name="T">
<Content><![CDATA[
/* 
	GET AND PERSIST LIST OF MVP MEMBERS THAT 
	HAVE ALREADY BEEN LOADED INTO HEALTHSHARE
*/
]]></Content>
</UDLText>

<Method name="LoadUniqueLabTestResultMembers">
<ReturnType>%Status</ReturnType>
<Implementation><![CDATA[
	#DIM tSC As %Status=$$$OK
	#DIM eException As %Exception.AbstractException
	try
	{
		$$$LOGINFO("MVP.EG.Facets.ClinicalLabResults.Service.LoadUniqueLabTestResultMembers - START")

		// Start Transaction
		&SQL(start transaction)

		// SQL CURSOR CODE
		#dim count as %Integer = 0
		#dim memcount as %Integer = 0
		&SQL(DECLARE MemberLoop 
			 CURSOR FOR
		     SELECT M.MEME_CK as MEMECK, M.MEMBER_ID AS MEMBERID
		     INTO :memeck, :memeberid
		     FROM MVP_EG_ishs.USV_MVP_HEALTHSHARE_MEMBER M
		     INNER JOIN 
		     (
		          SELECT DISTINCT MEME_CK
		          FROM MVP_EG_ishs.USV_MVP_HEALTHSHARE_CLINICAL_LAB_RESULTS
		     ) L 
		     ON M.MEME_CK = L.MEME_CK
		)	
		&SQL(OPEN MemberLoop)
		For 
		{
			&SQL(Fetch MemberLoop)
			If SQLCODE=100 Quit
			If SQLCODE<0 THROW ##class(%Exception.SQL).CreateFromSQLCODE(SQLCODE,$Get(%msg))

			if ..SDAExistsByFAM("SDA3","MVP",memeck)
			{
				&SQL(INSERT INTO MVP_EG_Facets_ClinicalLabResults_Data.DataLoadMembers (MEMECK, MEMBERID)
		     	     Values (:memeck, :memeberid)
				)
				set memcount = $I(memcount)
			}
			
			If SQLCODE<0 THROW ##class(%Exception.SQL).CreateFromSQLCODE(SQLCODE,$Get(%msg))
			
			set count = $I(count)
		}
		&SQL(Close MemberLoop)
		&SQL(COMMIT)

		If SQLCODE<0 {
			THROW ##class(%Exception.SQL).CreateFromSQLCODE(SQLCODE,$Get(%msg))
		}

		Write !,"Total MVP Members With Lab Test Results: ", count
		Write !," "
		Write !,"Total MVP Members Loaded To HealthShare: ", memcount
		
		$$$LOGINFO("MVP.EG.Facets.ClinicalLabResults.Service.LoadUniqueLabTestResultMembers - END")
	}
	CATCH eException 
	{
		&SQL(rollback)
		SET tSC=eException.AsStatus()
	}
	quit tSC
]]></Implementation>
</Method>

<UDLText name="T">
<Content><![CDATA[
/*
 	GET AND PERSIST LAB TEST RESULT DATA GROUPS 
 	FOR EACH MEMBER - Throttle and Validate which Data Group is Complete. 
*/
]]></Content>
</UDLText>

<Method name="LoadUniqueLabTestResultDataGroups">
<ReturnType>%Status</ReturnType>
<Implementation><![CDATA[
	#DIM tSC As %Status=$$$OK
	#DIM eException As %Exception.AbstractException
	try
	{
		$$$LOGINFO("MVP.EG.Facets.ClinicalLabResults.Service.LoadUniqueLabTestResultDataGroups - START")

		// Clear Control Table
		&SQL(start transaction)

		// SQL CURSOR CODE
		#dim count as %Integer = 0
		&SQL(DECLARE MemberLoop CURSOR FOR
			SELECT MEMECK INTO :memeck FROM MVP_EG_Facets_ClinicalLabResults_Data.DataLoadMembers
		)	
		&SQL(OPEN MemberLoop)
		For 
		{
			&SQL(Fetch MemberLoop)
			If SQLCODE=100 Quit
			If SQLCODE<0 THROW ##class(%Exception.SQL).CreateFromSQLCODE(SQLCODE,$Get(%msg))

			set tSC = ..LoadDataGroupsByMember(memeck)

			If SQLCODE<0 THROW ##class(%Exception.SQL).CreateFromSQLCODE(SQLCODE,$Get(%msg))
			
			// set count = $I(count)
		}
		&SQL(Close MemberLoop)
		&SQL(COMMIT)

		If SQLCODE<0 {
			THROW ##class(%Exception.SQL).CreateFromSQLCODE(SQLCODE,$Get(%msg))
		}

		$$$LOGINFO("MVP.EG.Facets.ClinicalLabResults.Service.LoadUniqueLabTestResultDataGroups - END")
	}
	CATCH eException 
	{
		&SQL(rollback)
		SET tSC=eException.AsStatus()
	}
	quit tSC
]]></Implementation>
</Method>

<UDLText name="T">
<Content><![CDATA[
/*
 	LOAD LAB TEST RESULT DATA GROUPS BY MEMBER
*/
]]></Content>
</UDLText>

<Method name="LoadDataGroupsByMember">
<FormalSpec>memeck:%String</FormalSpec>
<ReturnType>%Status</ReturnType>
<Implementation><![CDATA[
	$$$LOGINFO("MVP.EG.Facets.ClinicalLabResults.Service.LoadDataGroupsByMember - START")

	#dim eException as %Exception.AbstractException
	#dim tSC As %Status
	set tSC = $$$OK
	try 
	{
		#dim request As MVP.EG.Facets.ClinicalLabResults.Message.Request
		#dim response As %Library.Persistent
		#dim statement As %SQL.Statement
		#dim resultset As %SQL.ClassQueryResultSet

		// Get the current date time in ODBC format that this service is starting so we can set the global at the end
		#dim tCurrentDateTime As %TimeStamp = $ZDATETIME($H,3)
		#dim tLastLoadedDateTime As %TimeStamp

		// Look and see if this has run before by grabbing the global that stores the latest datetime we loaded claims for		
		set tLastLoadedDateTime = $GET(^MVP.EG.Facets.ClinicalLabResults.Service.LastLoadDateTime)


		//*********************************
		// RESET DATE - DEV ONLY
		//=================================
		// -> REMOVE TOP(100) From SQL Statement
		set tLastLoadedDateTime = ""
		set tCurrentDateTime = "2019-01-01 00:00:00"
		//*********************************

		$$$LOGINFO("MVP.EG.Facets.ClinicalLabResults.Service.LastLoadDateTime: " _ tLastLoadedDateTime)

		// If we have never ran set a date time that we know will be before they ever loaded this data so it tried to add all the claims
		if (tLastLoadedDateTime = "")
		{
			set tLastLoadedDateTime = "2019-01-01 00:00:00"			
		}
	
		// Prepare and Validate Query Procedure
	  	set statement = ##class(%SQL.Statement).%New()	  	
		$$$THROWONERROR(tSC, statement.%PrepareClassQuery("MVP.EG.Facets.ClinicalLabResults.Service","GetMembersLabTestResultGroups"))

		// Execute Class Query and validate no errors.
	  	set resultset = statement.%Execute(tLastLoadedDateTime, memeck).%NextResult()
        if resultset.%SQLCODE = 0 
        {               
            While resultset.%Next()	  	
            {
				//#dim memeck as %String = $ZSTRIP(resultset.MEMECK,"<>W")
				#dim memberid as %String = $ZSTRIP(resultset.MEMBERID,"<>W")
				#dim dataofservice as %String = $ZSTRIP(resultset.DATEOFSERVICE,"<>W")
				#dim labpanelcode as %String = $ZSTRIP(resultset.LABTESTPANELCODE,"<>W")
				#dim labpanelcount as %Integer = resultset.LABPANELCOUNT
				
	            &SQL(insert into MVP_EG_Facets_ClinicalLabResults_Data.DataLoadGroups
					   (MEMECK,MEMBERID,DATEOFSERVICE,LABTESTPANELCODE,LABPANELCOUNT) 
					 values (:memeck, :memberid, :dataofservice, :labpanelcode, :labpanelcount))

				$$$ThrowOnError(tSC)
            }
        }			
        
        // Update Global Variable to include next incremental load date
       	if ($$$ISOK(tSC))
       	{
	    	set ^MVP.EG.Facets.ClinicalLabResults.Service.LastLoadDateTime = tCurrentDateTime
       	}
  
		$$$LOGINFO("MVP.EG.Facets.ClinicalLabResults.Service.LoadDataGroupsByMember - END")
	}
	catch eException 
	{
		set tSC = eException.AsStatus()
	}		

	quit tSC
]]></Implementation>
</Method>

<UDLText name="T">
<Content><![CDATA[
/*
	Aggregate Query with Group By to determine how many LABTESTPANELCODE(s) 
	there are by DATEOFSERVICE for a specific member based on the last load date. 
	Logic: 
	  > If the LABTESTPANELCODE IS NOT NULL then create a single LabOrder for LABPANELCOUNT total 
      	ex. 12 LABPANELCOUNT(s) would equal 1 LabOrder with 12 panels on the order
	  > If the LABTESTPANELCODE IS NULL then create a single LabOrder for each LABPANELCOUNT
    	ex. 12 LABPANELCOUNT(s) would equal 12 LabOrders for each of the 12 panels
*/
]]></Content>
</UDLText>

<Query name="GetMembersLabTestResultGroups">
<Type>%SQLQuery</Type>
<FormalSpec>loaddate:%String,memeck:%String</FormalSpec>
<SqlProc>1</SqlProc>
<SqlQuery><![CDATA[SELECT MEMECK, MEMBERID, DATEOFSERVICE, LABTESTPANELCODE, LABPANELCOUNT FROM 
(
     SELECT MEMECK, MEMBERID, DATEOFSERVICE, LABTESTPANELCODE, COUNT(*) AS LABPANELCOUNT
     FROM 
     (
          SELECT M.MEME_CK AS MEMECK, MEMBER_ID AS MEMBERID, 
                 L.DATE_OF_SERVICE as DATEOFSERVICE, L.LAB_TEST_PANEL_CODE as LABTESTPANELCODE
          FROM MVP_EG_ishs.USV_MVP_HEALTHSHARE_MEMBER M
          INNER JOIN 
          (
               SELECT MEME_CK, DATE_OF_SERVICE, LAB_TEST_PANEL_CODE
               FROM MVP_EG_ishs.USV_MVP_HEALTHSHARE_CLINICAL_LAB_RESULTS
               WHERE STG_REC_LOADDATE > {fn CONVERT(:loaddate, SQL_TIMESTAMP)}
          ) L 
          ON M.MEME_CK = L.MEME_CK
     )
     GROUP BY MEMECK, MEMBERID, DATEOFSERVICE, LABTESTPANELCODE
     ) P
     WHERE NOT EXISTS (SELECT MEMECK, MEMBERID, DATEOFSERVICE, LABTESTPANELCODE
                       FROM MVP_EG_Facets_ClinicalLabResults_Data.DataLoadGroups S 
                       WHERE P.MEMECK = S.MEMECK
                         AND P.MEMBERID= S.MEMBERID
                         AND P.DATEOFSERVICE= S.DATEOFSERVICE
                         AND P.LABTESTPANELCODE = S.LABTESTPANELCODE) AND MEMECK = :memeck]]></SqlQuery>
<Parameter name="CONTAINID" value="1"/>
</Query>

<UDLText name="T">
<Content><![CDATA[
/*
	Determine if Member has been loaded into HealthShare
	syntax:  Set tMemberExists=##Class(User.Test).SDAExistsByFAM('SDA3','MVP',memck)
*/
]]></Content>
</UDLText>

<Method name="SDAExistsByFAM">
<FormalSpec>Facility:%String="",AssigningAuthority:%String="",MRN:%String=""</FormalSpec>
<Language>objectscript</Language>
<ReturnType>%Boolean</ReturnType>
<Implementation><![CDATA[
	&SQL(SELECT %Id INTO :tId
	     FROM   RC_HS.SDAStreamlet
	     WHERE  CompositeMRN = (:Facility || '^' || :AssigningAuthority || '^' || :MRN))
	If $Get(tId) Quit 1
	Quit 0
]]></Implementation>
</Method>

<UDLText name="T">
<Content><![CDATA[
/*
// ****  DEV CODE BELOW ****
*/
]]></Content>
</UDLText>

<UDLText name="T">
<Content><![CDATA[
/*
	Get ALL Members that have Lab Test Results on 
	or after the Last LoadDate. 
		> ContainID = First Index Column "MEME_CK"
*/
]]></Content>
</UDLText>

<Query name="GetMembersWithLabTestResults">
<Type>%SQLQuery</Type>
<FormalSpec>loaddate:%String</FormalSpec>
<SqlProc>1</SqlProc>
<SqlQuery><![CDATA[SELECT M.MEME_CK as MEMECK, M.MEMBER_ID AS MEMBERID
FROM MVP_EG_ishs.USV_MVP_HEALTHSHARE_MEMBER M
INNER JOIN 
     (
          SELECT DISTINCT MEME_CK
          FROM MVP_EG_ishs.USV_MVP_HEALTHSHARE_CLINICAL_LAB_RESULTS
          WHERE MEME_CK is not null AND STG_REC_LOADDATE > {fn CONVERT(:loaddate, SQL_TIMESTAMP)}
     ) L 
ON M.MEME_CK = L.MEME_CK]]></SqlQuery>
<Parameter name="CONTAINID" value="1"/>
</Query>

<UDLText name="T">
<Content><![CDATA[
/*
	Aggregate Query with Group By to determine how many LABTESTPANELCODE(s) 
	there are by DATEOFSERVICE for a specific member based on the last load date. 
	Logic: 
	  > If the LABTESTPANELCODE IS NOT NULL then create a single LabOrder for LABPANELCOUNT total 
      	ex. 12 LABPANELCOUNT(s) would equal 1 LabOrder with 12 panels on the order
	  > If the LABTESTPANELCODE IS NULL then create a single LabOrder for each LABPANELCOUNT
    	ex. 12 LABPANELCOUNT(s) would equal 12 LabOrders for each of the 12 panels
*/
]]></Content>
</UDLText>

<Query name="GetMembersLabTestResultGroupsTEST">
<Type>%SQLQuery</Type>
<FormalSpec>loaddate:%String</FormalSpec>
<SqlProc>1</SqlProc>
<SqlQuery><![CDATA[SELECT TOP(1000) MEMECK, MEMBERID, DATEOFSERVICE, LABTESTPANELCODE, COUNT(*) AS LABPANELCOUNT
FROM
(
     SELECT M.MEME_CK AS MEMECK, MEMBER_ID AS MEMBERID, 
            L.DATE_OF_SERVICE as DATEOFSERVICE, L.LAB_TEST_PANEL_CODE as LABTESTPANELCODE
     FROM MVP_EG_ishs.USV_MVP_HEALTHSHARE_MEMBER M
     INNER JOIN 
     	(
     		SELECT MEME_CK, DATE_OF_SERVICE, LAB_TEST_PANEL_CODE
     		FROM MVP_EG_ishs.USV_MVP_HEALTHSHARE_CLINICAL_LAB_RESULTS
                WHERE STG_REC_LOADDATE > {fn CONVERT(:loaddate, SQL_TIMESTAMP)}
     	) L 
     ON M.MEME_CK = L.MEME_CK
)
GROUP BY MEMECK, MEMBERID, DATEOFSERVICE, LABTESTPANELCODE]]></SqlQuery>
<Parameter name="CONTAINID" value="1"/>
</Query>

<Method name="ValidateMVPMemberExists">
<FormalSpec><![CDATA[mrn:%String,&exists:%Boolean=0]]></FormalSpec>
<Implementation><![CDATA[
	#dim eException as %Exception.AbstractException
	#dim tSC As %Status
	set tSC = $$$OK
	try 
	{	
		#dim statement As %SQL.Statement
		#dim resultset As %SQL.StatementResult

		// Prepare and Validate Query Procedure
	  	set statement = ##class(%SQL.Statement).%New()	  	
		set statement.%SelectMode=1
		$$$THROWONERROR(tSC, statement.%PrepareClassQuery("MVP.EG.Facets.ClinicalLabResults.Process","MVPMemberExists"))

		// Execute Class Query and validate no errors.
	  	set resultset = statement.%Execute(mrn)
	  	
        if resultset.%SQLCODE = 0 
        {    
            While resultset.%Next()	  	
            {
	            set exists = 1
	            quit
            }
        }
	}
	catch eException 
	{
		set tSC = eException.AsStatus()
	}		

	return tSC
]]></Implementation>
</Method>

<UDLText name="T">
<Content><![CDATA[
/*
GET Member that has been loaded into HealthShare
*/
]]></Content>
</UDLText>

<Query name="MVPMemberExists">
<Type>%SQLQuery</Type>
<FormalSpec>memeck:%String</FormalSpec>
<SqlProc>1</SqlProc>
<SqlQuery>	SELECT TOP(1) * FROM RC_HS.SDAStreamlet WHERE 
	CompositeMRN = 'SDA3^MVP^' || :memeck</SqlQuery>
</Query>

<UDLText name="T">
<Content><![CDATA[
/*
set request.FACILITY=$ZSTRIP(resultset.%Get("FACILITY"),"<>W")
set request.ASSIGNINGAUTHORITY=$ZSTRIP(resultset.%Get("ASSIGNINGAUTHORITY"),"<>W")
set request.LABTESTRESULTID=$ZSTRIP(resultset.%Get("LABTESTRESULTID"),"<>W")
set request.VENDORTESTRESULTID=$ZSTRIP(resultset.%Get("VENDORTESTRESULTID"),"<>W")
set request.PRODUCTID=$ZSTRIP(resultset.%Get("PRODUCTID"),"<>W")
set request.VENDORBILLINGID=$ZSTRIP(resultset.%Get("VENDORBILLINGID"),"<>W")
set request.PATIENTACCOUNTNBR=$ZSTRIP(resultset.%Get("PATIENTACCOUNTNBR"),"<>W")
set request.SPECIMENID=$ZSTRIP(resultset.%Get("SPECIMENID"),"<>W")
set request.ACCESSIONNUMBER=$ZSTRIP(resultset.%Get("ACCESSIONNUMBER"),"<>W")
set request.ORDERNUM=$ZSTRIP(resultset.%Get("ORDERNUM"),"<>W")
set request.ORDERNAME=$ZSTRIP(resultset.%Get("ORDERNAME"),"<>W")
set request.PAYERACCOUNT=$ZSTRIP(resultset.%Get("PAYERACCOUNT"),"<>W")
set request.PAYERCODE=$ZSTRIP(resultset.%Get("PAYERCODE"),"<>W")
set request.PAYERNAME=$ZSTRIP(resultset.%Get("PAYERNAME"),"<>W")			 		
set request.VENDORLABCODE=$ZSTRIP(resultset.%Get("VENDORLABCODE"),"<>W")			 		
set request.REFERRINGPROVGROUPNBR=$ZSTRIP(resultset.%Get("REFERRINGPROVGROUPNBR"),"<>W")			
set request.REFERRINGPROVGROUPNAME=$ZSTRIP(resultset.%Get("REFERRINGPROVGROUPNAME"),"<>W")			 		
set request.REFERRINGPROVIDERUPIN=$ZSTRIP(resultset.%Get("REFERRINGPROVIDERUPIN"),"<>W")			 		
set request.REFERRINGPROVIDERNPI=$ZSTRIP(resultset.%Get("REFERRINGPROVIDERNPI"),"<>W")			 		
set request.ORDERINGACCOUNT=$ZSTRIP(resultset.%Get("ORDERINGACCOUNT"),"<>W")			 		
set request.ORDERINGACCOUNTNAME=$ZSTRIP(resultset.%Get("ORDERINGACCOUNTNAME"),"<>W")			 		
set request.REFERRINGPROVNAME=$ZSTRIP(resultset.%Get("REFERRINGPROVNAME"),"<>W")			 		
set request.REFERRINGPROVADDR1=$ZSTRIP(resultset.%Get("REFERRINGPROVADDR1"),"<>W")			 		
set request.REFERRINGPROVADDR2=$ZSTRIP(resultset.%Get("REFERRINGPROVADDR2"),"<>W")			 		
set request.REFERRINGPROVCITY=$ZSTRIP(resultset.%Get("REFERRINGPROVCITY"),"<>W")			 		
set request.REFERRINGPROVSTATE=$ZSTRIP(resultset.%Get("REFERRINGPROVSTATE"),"<>W")			 		
set request.REFERRINGPROVZIPCODE=$ZSTRIP(resultset.%Get("REFERRINGPROVZIPCODE"),"<>W")			 		
set request.REFERRINGPROVPHONENBR=$ZSTRIP(resultset.%Get("REFERRINGPROVPHONENBR"),"<>W")			 		
set request.PRINCIPALDIAGCODE=$ZSTRIP(resultset.%Get("PRINCIPALDIAGCODE"),"<>W")			 		
set request.SECONDARYDIAG01CODE=$ZSTRIP(resultset.%Get("SECONDARYDIAG01CODE"),"<>W")			 		
set request.SECONDARYDIAG02CODE=$ZSTRIP(resultset.%Get("SECONDARYDIAG02CODE"),"<>W")			 		
set request.SECONDARYDIAG03CODE=$ZSTRIP(resultset.%Get("SECONDARYDIAG03CODE"),"<>W")			 		
set request.SECONDARYDIAG04CODE=$ZSTRIP(resultset.%Get("SECONDARYDIAG04CODE"),"<>W")			 		
set request.PROCEDURECODE=$ZSTRIP(resultset.%Get("PROCEDURECODE"),"<>W")			 		
set request.LOINCCODE=$ZSTRIP(resultset.%Get("LOINCCODE"),"<>W")			 		
set request.DATEOFSERVICE=$ZSTRIP(resultset.%Get("DATEOFSERVICE"),"<>W")			 		
set request.LABTESTPANELCODE=$ZSTRIP(resultset.%Get("LABTESTPANELCODE"),"<>W")			 		
set request.LABTESTPANELNAME=$ZSTRIP(resultset.%Get("LABTESTPANELNAME"),"<>W")			 		
set request.LABTESTCODE=$ZSTRIP(resultset.%Get("LABTESTCODE"),"<>W")			 		
set request.RESULTNAME=$ZSTRIP(resultset.%Get("RESULTNAME"),"<>W")			 		
set request.LABTESTDESC=$ZSTRIP(resultset.%Get("LABTESTDESC"),"<>W")			 		
set request.LOCALRESULTCODE=$ZSTRIP(resultset.%Get("LOCALRESULTCODE"),"<>W")			 		
set request.LABTESTRESULTVALUE=$ZSTRIP(resultset.%Get("LABTESTRESULTVALUE"),"<>W")			 		
set request.LABTESTRESULTTEXTVALUE=$ZSTRIP(resultset.%Get("LABTESTRESULTTEXTVALUE"),"<>W")			 		
set request.LABTESTRESULTVALUEUOM=$ZSTRIP(resultset.%Get("LABTESTRESULTVALUEUOM"),"<>W")			 		
set request.LABTESTRESULTVALUEUOM=$ZSTRIP(resultset.%Get("LABTESTRESULTVALUEUOM"),"<>W")			 		
set request.REFRANGELOWVALUE=$ZSTRIP(resultset.%Get("REFRANGELOWVALUE"),"<>W")			 		
set request.REFRANGEHIGHVALUE=$ZSTRIP(resultset.%Get("REFRANGEHIGHVALUE"),"<>W")			 		
set request.ABNORMALLABTESTRESULTCODE=$ZSTRIP(resultset.%Get("LABTESTRESULTCOMMENTTEXT"),"<>W")			 		
set request.LABTESTRESULT2VALUE=$ZSTRIP(resultset.%Get("LABTESTRESULT2VALUEUOM"),"<>W")			 		
set request.LABDATASOURCECODE=$ZSTRIP(resultset.%Get("LABDATASOURCECODE"),"<>W")			 		
set request.SOURCE=$ZSTRIP(resultset.%Get("SOURCE"),"<>W")			 		
set request.ACCTNUM=$ZSTRIP(resultset.%Get("ACCTNUM"),"<>W")			 		
set request.ACCTNAME=$ZSTRIP(resultset.%Get("ACCTNAME"),"<>W")			 		
set request.REVIND=$ZSTRIP(resultset.%Get("REVIND"),"<>W")			 		
set request.STGRECSTATUS=$ZSTRIP(resultset.%Get("STGRECSTATUS"),"<>W")			 		
*/
]]></Content>
</UDLText>
</Class>


<Routine name="debugClinicalLabResults" type="MAC" languagemode="0" timestamp="65784,33474.822829"><![CDATA[
DebugProcess
 set tRequest=##class(MVP.EG.Facets.ClinicalLabResults.Message.Request).%New()
 set tRequest.FACILITY="MVP"
 set tRequest.ASSIGNINGAUTHORITY="MVP"

 set tRequest.MEMECK="104021000"
 set tRequest.MEMBERID="80043429700" 
 set tRequest.DATEOFSERVICE="2018-09-20"
 set tRequest.LABTESTPANELCODE=""
 set tRequest.LABPANELCOUNT=2
 set tRequest.PROCESSING=0
 set tRequest.SUCCESS=0
 set tRequest.CREATEDATE="2021-02-08 18:32:05"
 
 set tProcess=##class(Ens.Host).GetShadowInstance("MVP.EG.Facets.ClinicalLabResults.Process")
 do tProcess.OnInit()
 set tSC = tProcess.OnRequest(tRequest,.tResponse)
 
  /*
 set tRequest.MEMECK="104021000"
 set tRequest.MEMBERID="80043429700" 
 set tRequest.DATEOFSERVICE="2018-09-22"
 set tRequest.LABTESTPANELCODE="413338"
 set tRequest.LABPANELCOUNT=15
 set tRequest.PROCESSED=0
 set tRequest.SUCCESS=0
 set tRequest.CREATEDATE="2021-02-03 13:26:53"

 set tRequest.MEMECK="104021000"
 set tRequest.MEMBERID="80043429700" 
 set tRequest.DATEOFSERVICE="2018-09-22"
 set tRequest.LABTESTPANELCODE="403274"
 set tRequest.LABPANELCOUNT=1
 set tRequest.PROCESSED=0
 set tRequest.SUCCESS=0
 set tRequest.CREATEDATE="2021-02-03 13:26:53"

 set tRequest.MEMECK="17802"
 set tRequest.MEMBERID="80010044301" 
 set tRequest.DATEOFSERVICE="2016-11-01"
 set tRequest.LABTESTPANELCODE="3958-6"
 set tRequest.LABPANELCOUNT=2
 set tRequest.PROCESSED=0
 set tRequest.SUCCESS=0
 set tRequest.CREATEDATE="2021-02-03 13:26:53"

 set tRequest.MEMECK="104021000"
 set tRequest.MEMBERID="80043429700" 
 set tRequest.DATEOFSERVICE="2018-09-20"
 set tRequest.LABTESTPANELCODE=""
 set tRequest.LABPANELCOUNT=2
 set tRequest.PROCESSED=0
 set tRequest.SUCCESS=0
 set tRequest.CREATEDATE="2021-02-03 13:26:53"
 */
 
quit
]]></Routine>


<Routine name="debugClinicalLabResultsService" type="MAC" languagemode="0" timestamp="65784,33587.265694"><![CDATA[
DebugProcess
 set tProcess=##class(Ens.Host).GetShadowInstance("MVP.EG.Facets.ClinicalLabResults.Service")
 do tProcess.OnInit()
 do tProcess.OnTask()
 set tSC = tProcess.ProcessInput()
quit
]]></Routine>


<Document name="EnsExportNotes.EnsExportItem_2021-02-09 11-21-42_308-5.PTD"><ProjectTextDocument name="EnsExportNotes.EnsExportItem_2021-02-09 11-21-42_308-5" description="Export Notes for export EnsExportItem_2021-02-09 11-21-42_308-5">
<![CDATA[<Deployment>
<Creation>
<Machine>UNI-HSHUCR0001.DEV.MVPHEALTHCARE.COM</Machine>
<Instance>MVPUCR01</Instance>
<Namespace>EGCLIN</Namespace>
<SourceProduction>EGCLINPKG.EdgeGatewayProduction</SourceProduction>
<Username>bpetersen-isc</Username>
<UTC>2021-02-09 16:23:09.608</UTC>
</Creation>
<Notes>
</Notes>
<Contents>
<ExportProject>EnsExportItem_2021-02-09 11-21-42_308-5</ExportProject>
<Item num="1">MVP.EG.Facets.ClinicalLabResults.Archive.In.CLS</Item>
<Item num="2">MVP.EG.Facets.ClinicalLabResults.Archive.SQL.In.CLS</Item>
<Item num="3">MVP.EG.Facets.ClinicalLabResults.Archive.SQL.Query.CLS</Item>
<Item num="4">MVP.EG.Facets.ClinicalLabResults.Data.DataLoadGroups.CLS</Item>
<Item num="5">MVP.EG.Facets.ClinicalLabResults.Data.DataLoadMembers.CLS</Item>
<Item num="6">MVP.EG.Facets.ClinicalLabResults.Message.Request.CLS</Item>
<Item num="7">MVP.EG.Facets.ClinicalLabResults.Process.CLS</Item>
<Item num="8">MVP.EG.Facets.ClinicalLabResults.Service.CLS</Item>
<Item num="9">Settings:MVP.EG.Facets.ClinicalLabResults.Process.PTD</Item>
<Item num="10">Settings:MVP.EG.Facets.ClinicalLabResults.Service.PTD</Item>
<Item num="11">debugClinicalLabResults.MAC</Item>
<Item num="12">debugClinicalLabResultsService.MAC</Item>
</Contents>
<ProductionClassInExport></ProductionClassInExport>
</Deployment>

]]></ProjectTextDocument>
</Document>

<Document name="Settings:MVP.EG.Facets.ClinicalLabResults.Process.PTD"><ProjectTextDocument name="Settings:MVP.EG.Facets.ClinicalLabResults.Process" description="Settings for MVP.EG.Facets.ClinicalLabResults.Process in Production EGCLINPKG.EdgeGatewayProduction">
<![CDATA[<Item Name="MVP.EG.Facets.ClinicalLabResults.Process" Category="" ClassName="MVP.EG.Facets.ClinicalLabResults.Process" PoolSize="1" Enabled="true" Foreground="false" Comment="" LogTraceEvents="true" Schedule=""><Setting Target="Host" Name="RetryInterval">0</Setting><Setting Target="Host" Name="FailureTimeout">30</Setting></Item>
]]></ProjectTextDocument>
</Document>

<Document name="Settings:MVP.EG.Facets.ClinicalLabResults.Service.PTD"><ProjectTextDocument name="Settings:MVP.EG.Facets.ClinicalLabResults.Service" description="Settings for MVP.EG.Facets.ClinicalLabResults.Service in Production EGCLINPKG.EdgeGatewayProduction">
<![CDATA[<Item Name="MVP.EG.Facets.ClinicalLabResults.Service" Category="" ClassName="MVP.EG.Facets.ClinicalLabResults.Service" PoolSize="1" Enabled="false" Foreground="false" Comment="" LogTraceEvents="false" Schedule=""></Item>
]]></ProjectTextDocument>
</Document></Export>
