<?xml version="1.0" encoding="UTF-8"?>
<Export generator="IRIS" version="26" zv="IRIS for Windows (x86-64) 2021.1 (Build 215U)" ts="2022-08-20 10:57:39">
<Class name="User.CodeInstaller.HSCustom">
<Description>
Simple example of installation instructions (Manifest)</Description>
<IncludeCode>%occInclude</IncludeCode>
<TimeChanged>66175,39443.834584</TimeChanged>
<TimeCreated>65632,47863.000165</TimeCreated>

<XData name="CodeInstallerManifest">
<Description>
Create Database CVSLIB
Import code base to CVSLIB
Create mappings to IRISCLUSTER namespace from CVSLIB
Create CSP Applications
Add Users and Passwords</Description>
<XMLNamespace>INSTALLER</XMLNamespace>
<Data><![CDATA[
<Manifest>
<Namespace Name="HSCUSTOM" Create="no" Data="HSCUSTOM" Code="HSCUSTOM">
<Import File="/opt/irisbuild/src" Recurse="1"/>
</Namespace>
</Manifest>
]]></Data>
</XData>

<Method name="setup">
<Description>
This is a method generator whose code is generated by XGL.</Description>
<Internal>1</Internal>
<ClassMethod>1</ClassMethod>
<CodeMode>objectgenerator</CodeMode>
<FormalSpec><![CDATA[&pVars,pLogLevel:%Integer=3,pInstaller:%Installer.Installer,pLogger:%Installer.AbstractLogger]]></FormalSpec>
<ReturnType>%Status</ReturnType>
<Implementation><![CDATA[
   #; Let our XGL document generate code for this method.
   Set tSC = $$$OK
   Set tSC = ##class(%Installer.Manifest).%Generate(%compiledclass, %code, "CodeInstallerManifest")
   Quit tSC
]]></Implementation>
</Method>

<Method name="GenerateRecordMaps">
<Description>Generate the record maps provided a pPackage</Description>
<ClassMethod>1</ClassMethod>
<FormalSpec>pPackage:%String="CVS",pDisplay:%Integer=0,pOverwriteBehaviour:%Integer=0</FormalSpec>
<ReturnType>%Status</ReturnType>
<Implementation><![CDATA[
	#dim tSC As %Status=$$$OK
	#dim eException As %Exception.AbstractException
	#dim tResult As %SQL.StatementResult
	try {
		Set oldNamespace=$namespace
		Set $namespace="HSCUSTOM"
		Write "Switching to "_$namespace,!

		Set tStatement=##class(%SQL.Statement).%New()
		$$$THROWONERROR(tSC,tStatement.%Prepare("SELECT ID FROM %Dictionary.ClassDefinition WHERE Super['EnsLib.RecordMap.RecordMap' and Id %STARTSWITH ?"))
		Set tResult=tStatement.%Execute(pPackage)
		For  {
			Quit:'tResult.%Next()
			Write !,"tResult.ID "_tResult.ID
		$$$THROWONERROR(tSC,##class(EnsLib.RecordMap.Generator).GenerateObject(tResult.ID,,,,,pDisplay,,pOverwriteBehaviour))
		}
	}
	catch eException {
		Set tSC=eException.AsStatus()
		Write eException.DisplayString()
	}
	
	Write !,"compileAll() in HSCUSTOM",!
	Do $System.OBJ.CompileAll("cukb",.err)

	Write "compile(CVS*) in HSCUSTOM",!
	Do $System.OBJ.Compile("CVS*")

	Write "compile(CVS.*) in HSCUSTOM",!
	Do $System.OBJ.Compile("CVS.*")
	Do $System.OBJ.Compile("CVS.CDR.Subscription.DTL.RecordMapRecordToRecord.*")

	Do $System.OBJ.DisplayError()

	/*Set $namespace="^^/usr/irissys/mgr/CVSLIB/"

	Set $namespace="%SYS"
	Set Namespace="^^/usr/irissys/mgr/CVSLIB/"
	Set Name="Ens"
	Set Properties("Database")="^^/usr/irissys/mgr/enslib/"
	Set Status=##Class(Config.MapPackages).Create(Namespace,Name,.Properties)
	Write "Status of mapping Ens package "_Status,!

	Set Name="EnsLib"
	Set Status=##Class(Config.MapPackages).Create(Namespace,Name,.Properties)
	Write "Status of mapping EnsLib package "_Status,!

	Set Name="HS"
	Set Properties("Database")="HSLIB"
	Set Status=##Class(Config.MapPackages).Create(Namespace,Name,.Properties)
	Write "Status of mapping HS package "_Status,!

	Write !,"CVS mapping complete",!
	Set $namespace="^^/usr/irissys/mgr/CVSLIB/"

	Write !,"compileAll() in CVSLIB",!
	Do $System.OBJ.CompileAll("cukb",.err)
	*/

	Set $namespace=oldNamespace
	Write !,"Switching to "_$namespace,!
	Quit tSC
]]></Implementation>
</Method>

</Class>
</Export>
