<?xml version="1.0" encoding="UTF-8"?>
<Export generator="IRIS" version="26">
<Routine name="ZAUTHENTICATE" type="MAC" languagemode="0"><![CDATA[
ZAUTHENTICATE(ServiceName, Namespace, Username, Password, Credentials, Properties) Public
{

#include %occErrors
#include %occInclude

	// Sample ZAUTHENTICATE for delegated authentication based on OAuth 2.0 use of login page or %session.Login.
	// Use of %OAuth2.Login subclass for delegated authentication will result in called ZAUTHENTICATE with
	// query parameter CSPOAUTH2 = to the state value for the authorization request.<br><br>
	//
	// This ZAUTHENTICATE may be used as a model for the ZAUTHENTICATE used to do delegated authentication
	// based on OAuth 2.0 by modifying this routine, copying it to %SYS namespace and renaming to ZAUTHENTICATE.mac.<br><br>
	//
	// Usually you will need to modify at least the roles to be assigned.
	//set roles="%DB_DEFAULT,%Operator,%All"
	$$$SysLog(3,"OAuth2","[ZAUTHENTICATE]","ServiceName="_ServiceName_", Username="_Username_", roles="_roles)

	set loginSuccessful=0
	set errorText=""

	try {
		if ServiceName="%Service_WebGateway" {
			// Pickup state that was added to redirect URL
			set state=$get(%request.Data($parameter("%OAuth2.Login","SessionQueryParameter"),1))
			// This ZAUTHENTICATE routine will support login using either
			// an OAuth 2.0 login page which is a subclass of %OAuth2.Login or
			// having the user page call %session.Login after the access token has been obtained.
 			if Username="OAuth2",Password=$c(1,2,3) {
	 			// Authentication is via a subclass of %OAuth2.Login that sets the query parameter CSPOAUTH2
				// with a hash value that allows GetCurrentApplication to determine the application --
				// username/password is supplied by GetCredentials.
				set sc=##class(OAuth2.Response).GetCurrentApplication(.applicationName)
				set sessionId=%session.SessionId

 			} else {
	 			// If authentication is based on %session.Login, then application and session id are passed in.
	 			set applicationName=Username
				set sessionId=Password
 			}


 			//set sessionId = %session.SessionId
			$$$SysLog(3,"OAuth2","[ZAUTHENTICATE]","state="_state_", session="_sessionId)

			if applicationName'="" {
				// Check if authorized
				set isAuthorized=##class(%SYS.OAuth2.AccessToken).IsAuthorized(applicationName,sessionId,,.accessToken,.idToken,,.error)


				if isAuthorized {
					// We need to obtain a user name in any way appropriate to the application.  Examples are:<br>
					// from JWT if access token is a JWT using ##class(%SYS.OAuth2.Validate).ValidateJWT,<br>
					// from IDToken if OpenID Connect using ##class(%SYS.OAuth2.Validate).ValidateIDToken,<br>
					// from Userinfo endpoint if OpenID Connect using ##class(%SYS.OAuth2.AccessToken).GetUserinfo or<br>
					// from introspection endpoint using ##class(%SYS.OAuth2.AccessToken).GetIntrospection.<br>
					// This example uses the sub property which is returned by the introspection endpoint.

					Set sc = ##class(%SYS.OAuth2.AccessToken).GetUserinfo(applicationName,accessToken,,.jsonObject)
					Set sc= ##class(%SYS.OAuth2.Validation).ValidateIDToken(applicationName,idToken,accessToken,,,.idjsonObject)
					// Map roles by groups
					// 5528a3c1-8693-4247-a47e-ddc718675084 - %ALL

					//roles mapping are done via %ZSTART by reading a file and setting global in %SYS ^ZCVS.AzureADRoleMap
					Set tEntryIterator=idjsonObject.groups.%GetIterator()
					Set roles=""
					While tEntryIterator.%GetNext(.key,.value,.type) {
						//s rolemap = $CASE(value,"5528a3c1-8693-4247-a47e-ddc718675084":"%ALL","2ba2ed01-b034-4b87-9f7f-5a9b1d1571da":"%Developer","09f00914-0772-4deb-be87-7fd84871f7cc":"%Operator",:"")
						If '$DATA(^ZCVS.AzureADRoleMap("roles")) continue
						Set rolemap = $GET(^ZCVS.AzureADRoleMap("roles",value))

						/*If rolemap ="" continue
						If (roles'=""){
							Set roles = ","_rolemap
						}Else{
						 	Set roles=rolemap
						}*/


					}
					set roles=rolemap
 					//s ^mtx("json")=jsonObject.%ToJSON()_"-"_sc
					//set sc=##class(%SYS.OAuth2.AccessToken).GetIntrospection(applicationName,accessToken,.jsonObject)
					//s ^mtx("role")=roles
					if $$$ISERR(sc) {
						set errorText=$system.Status.GetErrorText(sc)
						quit
					}

					// Setup the new user.
					// Note that the user must not be a normal Cache user
					// in order to allow creation or update of the delegated user.
					set loginSuccessful=1
					set Username=$PIECE(jsonObject.email,"@",1)
					set Properties("FullName")="OAuth account "_Username
					set Properties("Username")=Username
					set Properties("Password")=""	// we don't really care about oauth2 account password

					// Set the roles and other Properties as appropriate.
					set Properties("Roles")=roles

				} elseif $isobject(error) {
					set errorText=error.AsString()
				}
			}
		}
	} Catch (ex) {
		set errorText=ex.DisplayString()

	}

	if loginSuccessful {
		$$$SysLog(3,"OAuth2","[ZAUTHENTICATE]","user="_Username)
		set sc=$$$OK
	} else {
		$$$SysLog(3,"OAuth2","[ZAUTHENTICATE]","error="_$select(errorText'="":errorText,1:"Access Denied"))
		set sc=$$$ERROR($$$AccessDenied)
	}

	quit sc
}
GetCredentials(ServiceName,Namespace,Username,Password,Credentials) Public {
	If ServiceName="%Service_WebGateway" {
		// Supply user name and password for authentication via a subclass of %OAuth2.Login

		set Username="OAuth2"
		set Password=$c(1,2,3)
	}
	quit $$$OK
}

]]></Routine>
</Export>
